,iem_cd,iem_krl_nm,시장구분
0,A060310,3S,KOSDAQ
1,A095570,AJ네트웍스,KOSPI
2,A006840,AK홀딩스,KOSPI
3,A054620,APS홀딩스,KOSDAQ
4,A265520,AP시스템,KOSDAQ
5,A211270,AP위성,KOSDAQ
6,A027410,BGF,KOSPI
7,A282330,BGF리테일,KOSPI
8,A138930,BNK금융지주,KOSPI
9,A001460,BYC,KOSPI
10,A001465,BYC우,KOSPI
11,A001040,CJ,KOSPI
12,A079160,CJ CGV,KOSPI
13,A035760,CJ ENM,KOSDAQ
14,A00104K,CJ4우(전환),KOSPI
15,A000120,CJ대한통운,KOSPI
16,A011150,CJ씨푸드,KOSPI
17,A011155,CJ씨푸드1우,KOSPI
18,A001045,CJ우,KOSPI
19,A097950,CJ제일제당,KOSPI
20,A097955,CJ제일제당 우,KOSPI
21,A051500,CJ프레시웨이,KOSDAQ
22,A058820,CMG제약,KOSDAQ
23,A023460,CNH,KOSDAQ
24,A065770,CS,KOSDAQ
25,A083660,CSA 코스믹,KOSDAQ
26,A000590,CS홀딩스,KOSPI
27,A012030,DB,KOSPI
28,A367340,DB금융스팩8호,KOSDAQ
29,A016610,DB금융투자,KOSPI
30,A005830,DB손해보험,KOSPI
31,A000990,DB하이텍,KOSPI
32,A000995,DB하이텍1우,KOSPI
33,A139130,DGB금융지주,KOSPI
34,A001530,DI동일,KOSPI
35,A068790,DMS,KOSDAQ
36,A004840,DRB동일,KOSPI
37,A241520,DSC인베스트먼트,KOSDAQ
38,A155660,DSR,KOSPI
39,A069730,DSR제강,KOSPI
40,A017940,E1,KOSPI
41,A245620,EDGC,KOSDAQ
42,A037370,EG,KOSDAQ
43,A079190,EMW,KOSDAQ
44,A365550,ESR켄달스퀘어리츠,KOSPI
45,A007700,F&F,KOSPI
46,A130500,GH신소재,KOSDAQ
47,A114090,GKL,KOSPI
48,A900290,GRT,KOSDAQ
49,A078930,GS,KOSPI
50,A083450,GST,KOSDAQ
51,A006360,GS건설,KOSPI
52,A001250,GS글로벌,KOSPI
53,A007070,GS리테일,KOSPI
54,A078935,GS우,KOSPI
55,A028150,GS홈쇼핑,KOSDAQ
56,A045890,GV,KOSDAQ
57,A078150,HB테크놀러지,KOSDAQ
58,A012630,HDC,KOSPI
59,A039570,HDC아이콘트롤스,KOSPI
60,A089470,HDC현대EP,KOSPI
61,A294870,HDC현대산업개발,KOSPI
62,A011200,HMM,KOSPI
63,A036640,HRS,KOSDAQ
64,A082740,HSD엔진,KOSPI
65,A335870,IBKS제12호스팩,KOSDAQ
66,A351340,IBKS제13호스팩,KOSDAQ
67,A351320,IBKS제14호스팩,KOSDAQ
68,A003560,IHQ,KOSPI
69,A095340,ISC,KOSDAQ
70,A099520,ITX-AI,KOSDAQ
71,A175330,JB금융지주,KOSPI
72,A950170,JTC,KOSDAQ
73,A234080,JW생명과학,KOSPI
74,A067290,JW신약,KOSDAQ
75,A001060,JW중외제약,KOSPI
76,A001067,JW중외제약2우B,KOSPI
77,A001065,JW중외제약우,KOSPI
78,A096760,JW홀딩스,KOSPI
79,A035900,JYP Ent.,KOSDAQ
80,A024840,KBI메탈,KOSDAQ
81,A105560,KB금융,KOSPI
82,A024120,KB오토시스,KOSDAQ
83,A002380,KCC,KOSPI
84,A021320,KCC건설,KOSDAQ
85,A036670,KCI,KOSDAQ
86,A009070,KCTC,KOSPI
87,A009440,KC그린홀딩스,KOSPI
88,A112190,KC산업,KONEX
89,A119650,KC코트렐,KOSPI
90,A044180,KD,KOSDAQ
91,A092220,KEC,KOSPI
92,A151860,KG ETS,KOSDAQ
93,A016380,KG동부제철,KOSPI
94,A016385,KG동부제철우,KOSPI
95,A046440,KG모빌리언스,KOSDAQ
96,A035600,KG이니시스,KOSDAQ
97,A001390,KG케미칼,KOSPI
98,A060720,KH바텍,KOSDAQ
99,A001940,KISCO홀딩스,KOSPI
100,A122450,KMH,KOSDAQ
101,A052900,KMH하이텍,KOSDAQ
102,A058400,KNN,KOSDAQ
103,A114450,KPX생명과학,KOSDAQ
104,A025000,KPX케미칼,KOSPI
105,A092230,KPX홀딩스,KOSPI
106,A000040,KR모터스,KOSPI
107,A044450,KSS해운,KOSPI
108,A030200,KT,KOSPI
109,A033780,KT&G,KOSPI
110,A030210,KTB투자증권,KOSPI
111,A036030,KTH,KOSDAQ
112,A058850,KTcs,KOSPI
113,A058860,KTis,KOSPI
114,A060370,KT서브마린,KOSDAQ
115,A093050,LF,KOSPI
116,A003550,LG,KOSPI
117,A034220,LG디스플레이,KOSPI
118,A001120,LG상사,KOSPI
119,A051900,LG생활건강,KOSPI
120,A051905,LG생활건강우,KOSPI
121,A003555,LG우,KOSPI
122,A032640,LG유플러스,KOSPI
123,A011070,LG이노텍,KOSPI
124,A066570,LG전자,KOSPI
125,A066575,LG전자우,KOSPI
126,A108670,LG하우시스,KOSPI
127,A108675,LG하우시스우,KOSPI
128,A037560,LG헬로비전,KOSPI
129,A051910,LG화학,KOSPI
130,A051915,LG화학우,KOSPI
131,A079550,LIG넥스원,KOSPI
132,A006260,LS,KOSPI
133,A010120,LS ELECTRIC,KOSPI
134,A000680,LS네트웍스,KOSPI
135,A229640,LS전선아시아,KOSPI
136,A023150,MH에탄올,KOSPI
137,A065150,MP그룹,KOSDAQ
138,A219550,MP한강,KOSDAQ
139,A035420,NAVER,KOSPI
140,A160550,NEW,KOSDAQ
141,A053290,NE능률,KOSDAQ
142,A181710,NHN,KOSPI
143,A104200,NHN벅스,KOSDAQ
144,A060250,NHN한국사이버결제,KOSDAQ
145,A005940,NH투자증권,KOSPI
146,A005945,NH투자증권우,KOSPI
147,A338100,NH프라임리츠,KOSPI
148,A034310,NICE,KOSPI
149,A030190,NICE평가정보,KOSDAQ
150,A008260,NI스틸,KOSPI
151,A004250,NPC,KOSPI
152,A004255,NPC우,KOSPI
153,A010060,OCI,KOSPI
154,A078590,OQP,KOSDAQ
155,A178920,PI첨단소재,KOSDAQ
156,A024940,PN풍년,KOSDAQ
157,A005490,POSCO,KOSPI
158,A218410,RFHIC,KOSDAQ
159,A091340,S&K폴리텍,KOSDAQ
160,A100840,S&TC,KOSPI
161,A064960,S&T모티브,KOSPI
162,A003570,S&T중공업,KOSPI
163,A036530,S&T홀딩스,KOSPI
164,A010950,S-Oil,KOSPI
165,A010955,S-Oil우,KOSPI
166,A019550,SBI인베스트먼트,KOSDAQ
167,A950110,SBI핀테크솔루션즈,KOSDAQ
168,A034120,SBS,KOSPI
169,A101060,SBS미디어홀딩스,KOSPI
170,A046140,SBS콘텐츠허브,KOSDAQ
171,A036120,SCI평가정보,KOSDAQ
172,A099220,SDN,KOSDAQ
173,A036540,SFA반도체,KOSDAQ
174,A255220,SG,KOSDAQ
175,A040610,SG&G,KOSDAQ
176,A049470,SGA,KOSDAQ
177,A184230,SGA솔루션즈,KOSDAQ
178,A224880,SGA클라우드서비스,KONEX
179,A005090,SGC에너지,KOSPI
180,A016250,SGC이테크건설,KOSDAQ
181,A004060,SG세계물산,KOSPI
182,A001380,SG충방,KOSPI
183,A002360,SH에너지화학,KOSPI
184,A009160,SIMPAC,KOSPI
185,A123700,SJM,KOSPI
186,A025530,SJM홀딩스,KOSPI
187,A034730,SK,KOSPI
188,A307070,SK4호스팩,KOSDAQ
189,A337450,SK5호스팩,KOSDAQ
190,A340350,SK6호스팩,KOSDAQ
191,A011790,SKC,KOSPI
192,A018670,SK가스,KOSPI
193,A001740,SK네트웍스,KOSPI
194,A001745,SK네트웍스우,KOSPI
195,A006120,SK디스커버리,KOSPI
196,A006125,SK디스커버리우,KOSPI
197,A210980,SK디앤디,KOSPI
198,A068400,SK렌터카,KOSPI
199,A036490,SK머티리얼즈,KOSDAQ
200,A326030,SK바이오팜,KOSPI
201,A03473K,SK우,KOSPI
202,A096770,SK이노베이션,KOSPI
203,A096775,SK이노베이션우,KOSPI
204,A001510,SK증권,KOSPI
205,A001515,SK증권우,KOSPI
206,A285130,SK케미칼,KOSPI
207,A28513K,SK케미칼우,KOSPI
208,A017670,SK텔레콤,KOSPI
209,A000660,SK하이닉스,KOSPI
210,A048550,SM C&C,KOSDAQ
211,A063440,SM Life Design,KOSDAQ
212,A950180,SNK,KOSDAQ
213,A005610,SPC삼립,KOSPI
214,A011810,STX,KOSPI
215,A077970,STX엔진,KOSPI
216,A071970,STX중공업,KOSPI
217,A289080,SV인베스트먼트,KOSDAQ
218,A084870,TBH글로벌,KOSPI
219,A002710,TCC스틸,KOSPI
220,A089230,THE E&M,KOSDAQ
221,A161570,THE MIDONG,KOSDAQ
222,A032540,TJ미디어,KOSDAQ
223,A048770,TPC,KOSDAQ
224,A246690,TS인베스트먼트,KOSDAQ
225,A317240,TS트릴리온,KOSDAQ
226,A038340,UCI,KOSDAQ
227,A073570,WI,KOSDAQ
228,A024070,WISCOM,KOSPI
229,A052300,W홀딩컴퍼니,KOSDAQ
230,A057030,YBM넷,KOSDAQ
231,A037270,YG PLUS,KOSPI
232,A040300,YTN,KOSDAQ
233,A051390,YW,KOSDAQ
234,A052220,iMBC,KOSDAQ
235,A079940,가비아,KOSDAQ
236,A078890,가온미디어,KOSDAQ
237,A000500,가온전선,KOSPI
238,A192410,감마누,KOSDAQ
239,A000860,강남제비스코,KOSPI
240,A217730,강스템바이오텍,KOSDAQ
241,A114190,강원,KOSDAQ
242,A035250,강원랜드,KOSPI
243,A094480,갤럭시아머니트리,KOSDAQ
244,A011420,갤럭시아에스엠,KOSPI
245,A063080,게임빌,KOSDAQ
246,A044480,경남바이오파마,KOSDAQ
247,A039240,경남스틸,KOSDAQ
248,A053950,경남제약,KOSDAQ
249,A223310,경남제약헬스케어,KOSDAQ
250,A002100,경농,KOSPI
251,A009450,경동나비엔,KOSPI
252,A267290,경동도시가스,KOSPI
253,A012320,경동인베스트,KOSPI
254,A011040,경동제약,KOSDAQ
255,A000050,경방,KOSPI
256,A214390,경보제약,KOSPI
257,A012610,경인양행,KOSPI
258,A009140,경인전자,KOSPI
259,A024910,경창산업,KOSDAQ
260,A013580,계룡건설,KOSPI
261,A012200,계양전기,KOSPI
262,A012205,계양전기우,KOSPI
263,A002140,고려산업,KOSPI
264,A198440,고려시멘트,KOSDAQ
265,A049720,고려신용정보,KOSDAQ
266,A010130,고려아연,KOSPI
267,A002240,고려제강,KOSPI
268,A014570,고려제약,KOSDAQ
269,A348150,고바이오랩,KOSDAQ
270,A098460,고영,KOSDAQ
271,A038530,골드퍼시픽,KOSDAQ
272,A900280,골든센츄리,KOSDAQ
273,A215000,골프존,KOSDAQ
274,A121440,골프존뉴딘홀딩스,KOSDAQ
275,A183410,골프존데카,KONEX
276,A076340,관악산업,KONEX
277,A009290,광동제약,KOSPI
278,A014200,광림,KOSDAQ
279,A017040,광명전기,KOSPI
280,A017900,광전자,KOSPI
281,A037710,광주신세계,KOSPI
282,A026910,광진실업,KOSDAQ
283,A090150,광진윈텍,KOSDAQ
284,A355150,교보10호스팩,KOSDAQ
285,A307280,교보8호스팩,KOSDAQ
286,A331520,교보9호스팩,KOSDAQ
287,A030610,교보증권,KOSPI
288,A339770,교촌에프앤비,KOSPI
289,A329050,구스앤홈,KONEX
290,A053270,구영테크,KOSDAQ
291,A007690,국도화학,KOSPI
292,A005320,국동,KOSPI
293,A001140,국보,KOSPI
294,A066620,국보디자인,KOSDAQ
295,A043650,국순당,KOSDAQ
296,A006050,국영지앤엠,KOSDAQ
297,A060480,국일신동,KOSDAQ
298,A078130,국일제지,KOSDAQ
299,A307750,국전약품,KOSDAQ
300,A002720,국제약품,KOSPI
301,A243870,굿센,KONEX
302,A204020,그리티,KOSDAQ
303,A083420,그린케미칼,KOSPI
304,A186230,그린플러스,KOSDAQ
305,A014530,극동유화,KOSPI
306,A900070,글로벌에스엠,KOSDAQ
307,A204620,글로벌텍스프리,KOSDAQ
308,A019660,글로본,KOSDAQ
309,A032860,글로스퍼랩스,KOSDAQ
310,A014280,금강공업,KOSPI
311,A014285,금강공업우,KOSPI
312,A053260,금강철강,KOSDAQ
313,A008870,금비,KOSPI
314,A001570,금양,KOSPI
315,A002990,금호산업,KOSPI
316,A002995,금호산업우,KOSPI
317,A011780,금호석유,KOSPI
318,A011785,금호석유우,KOSPI
319,A214330,금호에이치티,KOSPI
320,A001210,금호전기,KOSPI
321,A073240,금호타이어,KOSPI
322,A036190,금화피에스시,KOSDAQ
323,A049080,기가레인,KOSDAQ
324,A035460,기산텔레콤,KOSDAQ
325,A092440,기신정기,KOSPI
326,A000270,기아차,KOSPI
327,A024110,기업은행,KOSPI
328,A013700,까뮤이앤씨,KOSPI
329,A308100,까스텔바작,KOSDAQ
330,A004540,깨끗한나라,KOSPI
331,A004545,깨끗한나라우,KOSPI
332,A187790,나노,KOSDAQ
333,A286750,나노브릭,KOSDAQ
334,A151910,나노스,KOSDAQ
335,A121600,나노신소재,KOSDAQ
336,A039860,나노엔텍,KOSDAQ
337,A091970,나노캠텍,KOSDAQ
338,A244880,나눔테크,KONEX
339,A288490,나라소프트,KONEX
340,A051490,나라엠앤디,KOSDAQ
341,A190510,나무가,KOSDAQ
342,A242040,나무기술,KOSDAQ
343,A089600,나스미디어,KOSDAQ
344,A293580,나우IB,KOSDAQ
345,A257990,나우코스,KONEX
346,A138610,나이벡,KOSDAQ
347,A130580,나이스디앤비,KOSDAQ
348,A036800,나이스정보통신,KOSDAQ
349,A267320,나인테크,KOSDAQ
350,A001260,남광토건,KOSPI
351,A008350,남선알미늄,KOSPI
352,A008355,남선알미우,KOSPI
353,A004270,남성,KOSPI
354,A003920,남양유업,KOSPI
355,A003925,남양유업우,KOSPI
356,A025860,남해화학,KOSPI
357,A111710,남화산업,KOSDAQ
358,A091590,남화토건,KOSDAQ
359,A168330,내츄럴엔도텍,KOSDAQ
360,A056000,네스엠,KOSDAQ
361,A253590,네오셈,KOSDAQ
362,A212560,네오오토,KOSDAQ
363,A095660,네오위즈,KOSDAQ
364,A042420,네오위즈홀딩스,KOSDAQ
365,A311390,네오크레마,KOSDAQ
366,A085910,네오티스,KOSDAQ
367,A092730,네오팜,KOSDAQ
368,A290660,네오펙트,KOSDAQ
369,A306620,네온테크,KOSDAQ
370,A153460,네이블,KOSDAQ
371,A007390,네이처셀,KOSDAQ
372,A086220,네추럴FNP,KONEX
373,A033640,네패스,KOSDAQ
374,A330860,네패스아크,KOSDAQ
375,A005720,넥센,KOSPI
376,A005725,넥센우,KOSPI
377,A002350,넥센타이어,KOSPI
378,A002355,넥센타이어1우B,KOSPI
379,A089140,넥스턴,KOSDAQ
380,A065170,넥스트BT,KOSDAQ
381,A003580,넥스트사이언스,KOSPI
382,A137940,넥스트아이,KOSDAQ
383,A348210,넥스틴,KOSDAQ
384,A041140,넥슨지티,KOSDAQ
385,A217270,넵튠,KOSDAQ
386,A225570,넷게임즈,KOSDAQ
387,A251270,넷마블,KOSPI
388,A317860,노드메이슨,KONEX
389,A104620,노랑풍선,KOSDAQ
390,A090350,노루페인트,KOSPI
391,A090355,노루페인트우,KOSPI
392,A000320,노루홀딩스,KOSPI
393,A000325,노루홀딩스우,KOSPI
394,A194700,노바렉스,KOSDAQ
395,A285490,노바텍,KOSDAQ
396,A229500,노브메타파마,KONEX
397,A278650,노터스,KOSDAQ
398,A006280,녹십자,KOSPI
399,A144510,녹십자랩셀,KOSDAQ
400,A031390,녹십자셀,KOSDAQ
401,A142280,녹십자엠에스,KOSDAQ
402,A234690,녹십자웰빙,KOSDAQ
403,A005250,녹십자홀딩스,KOSPI
404,A005257,녹십자홀딩스2우,KOSPI
405,A065560,녹원씨엔아이,KOSDAQ
406,A004370,농심,KOSPI
407,A072710,농심홀딩스,KOSPI
408,A054050,농우바이오,KOSDAQ
409,A040160,누리텔레콤,KOSDAQ
410,A069140,누리플랜,KOSDAQ
411,A126870,뉴로스,KOSDAQ
412,A060260,뉴보텍,KOSDAQ
413,A012340,뉴인텍,KOSDAQ
414,A214870,뉴지랩,KOSDAQ
415,A270870,뉴트리,KOSDAQ
416,A144960,뉴파워프라즈마,KOSDAQ
417,A900100,뉴프라이드,KOSDAQ
418,A085670,뉴프렉스,KOSDAQ
419,A119860,다나와,KOSDAQ
420,A064260,다날,KOSDAQ
421,A093640,다믈멀티미디어,KOSDAQ
422,A039560,다산네트웍스,KOSDAQ
423,A058730,다스코,KOSPI
424,A023590,다우기술,KOSPI
425,A032190,다우데이타,KOSDAQ
426,A323350,다원넥스뷰,KONEX
427,A068240,다원시스,KOSDAQ
428,A086080,다이노나,KONEX
429,A271850,다이오진,KONEX
430,A343090,단디바이오,KONEX
431,A019680,대교,KOSPI
432,A019685,대교우B,KOSPI
433,A006370,대구백화점,KOSPI
434,A008060,대덕,KOSPI
435,A00806K,대덕1우,KOSPI
436,A353200,대덕전자,KOSPI
437,A35320K,대덕전자1우,KOSPI
438,A178600,대동고려삼,KONEX
439,A000490,대동공업,KOSPI
440,A020400,대동금속,KOSDAQ
441,A008830,대동기어,KOSDAQ
442,A048470,대동스틸,KOSDAQ
443,A008110,대동전자,KOSPI
444,A004780,대륙제관,KOSDAQ
445,A005750,대림B&Co,KOSPI
446,A001880,대림건설,KOSPI
447,A000210,대림산업,KOSPI
448,A000215,대림산업우,KOSPI
449,A017650,대림제지,KOSDAQ
450,A006570,대림통상,KOSPI
451,A007720,대명소노시즌,KOSDAQ
452,A317850,대모,KOSDAQ
453,A290670,대보마그네틱,KOSDAQ
454,A078140,대봉엘에스,KOSDAQ
455,A001680,대상,KOSPI
456,A001685,대상우,KOSPI
457,A084690,대상홀딩스,KOSPI
458,A084695,대상홀딩스우,KOSPI
459,A036480,대성미생물,KOSDAQ
460,A128820,대성산업,KOSPI
461,A117580,대성에너지,KOSPI
462,A025440,대성엘텍,KOSDAQ
463,A027830,대성창투,KOSDAQ
464,A104040,대성파인텍,KOSDAQ
465,A016710,대성홀딩스,KOSPI
466,A332290,대신밸런스제7호스팩,KOSDAQ
467,A336570,대신밸런스제8호스팩,KOSDAQ
468,A369370,대신밸런스제9호스팩,KOSDAQ
469,A020180,대신정보통신,KOSDAQ
470,A003540,대신증권,KOSPI
471,A003547,대신증권2우B,KOSPI
472,A003545,대신증권우,KOSPI
473,A045390,대아티아이,KOSDAQ
474,A009190,대양금속,KOSPI
475,A108380,대양전기공업,KOSDAQ
476,A006580,대양제지,KOSDAQ
477,A014160,대영포장,KOSPI
478,A047040,대우건설,KOSPI
479,A009320,대우부품,KOSPI
480,A042660,대우조선해양,KOSPI
481,A003090,대웅,KOSPI
482,A069620,대웅제약,KOSPI
483,A007680,대원,KOSDAQ
484,A000430,대원강업,KOSPI
485,A048910,대원미디어,KOSDAQ
486,A005710,대원산업,KOSDAQ
487,A006340,대원전선,KOSPI
488,A006345,대원전선우,KOSPI
489,A003220,대원제약,KOSPI
490,A024890,대원화성,KOSPI
491,A290380,대유,KOSDAQ
492,A002880,대유에이텍,KOSPI
493,A290120,대유에이피,KOSDAQ
494,A000300,대유플러스,KOSPI
495,A120240,대정화금,KOSDAQ
496,A003310,대주산업,KOSDAQ
497,A114920,대주이엔티,KONEX
498,A078600,대주전자재료,KOSDAQ
499,A012800,대창,KOSPI
500,A015230,대창단조,KOSPI
501,A096350,대창솔루션,KOSDAQ
502,A140520,대창스틸,KOSDAQ
503,A131220,대한과학,KOSDAQ
504,A010170,대한광통신,KOSDAQ
505,A060900,대한그린파워,KOSDAQ
506,A054670,대한뉴팜,KOSDAQ
507,A001070,대한방직,KOSPI
508,A023910,대한약품,KOSDAQ
509,A006650,대한유화,KOSPI
510,A001440,대한전선,KOSPI
511,A084010,대한제강,KOSPI
512,A001790,대한제당,KOSPI
513,A001795,대한제당우,KOSPI
514,A001130,대한제분,KOSPI
515,A003490,대한항공,KOSPI
516,A003495,대한항공우,KOSPI
517,A005880,대한해운,KOSPI
518,A003830,대한화섬,KOSPI
519,A016090,대현,KOSPI
520,A069460,대호에이엘,KOSPI
521,A021040,대호피앤씨,KOSDAQ
522,A021045,대호피앤씨우,KOSDAQ
523,A067080,대화제약,KOSDAQ
524,A298540,더네이쳐홀딩스,KOSDAQ
525,A192080,더블유게임즈,KOSPI
526,A299170,더블유에스아이,KOSDAQ
527,A035290,더블유에프엠,KOSDAQ
528,A012510,더존비즈온,KOSPI
529,A302920,더콘텐츠온,KONEX
530,A213420,덕산네오룩스,KOSDAQ
531,A317330,덕산테코피아,KOSDAQ
532,A077360,덕산하이메탈,KOSDAQ
533,A004830,덕성,KOSPI
534,A004835,덕성우,KOSPI
535,A090410,덕신하우징,KOSDAQ
536,A024900,덕양산업,KOSPI
537,A263600,덕우전자,KOSDAQ
538,A194480,데브시스터즈,KOSDAQ
539,A348840,데이드림엔터,KONEX
540,A263800,데이타솔루션,KOSDAQ
541,A199150,데이터스트림즈,KONEX
542,A139050,데일리블록체인,KOSDAQ
543,A206560,덱스터,KOSDAQ
544,A261200,덴티스,KOSDAQ
545,A145720,덴티움,KOSPI
546,A227420,도부마스크,KONEX
547,A067990,도이치모터스,KOSDAQ
548,A002150,도화엔지니어링,KOSPI
549,A006620,동구바이오제약,KOSDAQ
550,A100130,동국S&C,KOSDAQ
551,A005160,동국산업,KOSDAQ
552,A075970,동국알앤에스,KOSDAQ
553,A001230,동국제강,KOSPI
554,A086450,동국제약,KOSDAQ
555,A023450,동남합성,ETF
556,A004140,동방,KOSPI
557,A099410,동방선기,KOSDAQ
558,A007590,동방아그로,KOSPI
559,A005960,동부건설,KOSPI
560,A005965,동부건설우,KOSPI
561,A026960,동서,KOSPI
562,A002210,동성제약,KOSPI
563,A102260,동성코퍼레이션,KOSPI
564,A033500,동성화인텍,KOSDAQ
565,A005190,동성화학,KOSPI
566,A025950,동신건설,KOSDAQ
567,A000640,동아쏘시오홀딩스,KOSPI
568,A170900,동아에스티,KOSPI
569,A088130,동아엘텍,KOSDAQ
570,A028100,동아지질,KOSPI
571,A282690,동아타이어,KOSPI
572,A041930,동아화성,KOSDAQ
573,A001520,동양,KOSPI
574,A001527,동양2우B,KOSPI
575,A001529,동양3우B,KOSPI
576,A084670,동양고속,KOSPI
577,A002900,동양물산,KOSPI
578,A082640,동양생명,KOSPI
579,A060380,동양에스텍,KOSDAQ
580,A001525,동양우,KOSPI
581,A079960,동양이엔피,KOSDAQ
582,A008970,동양철관,KOSPI
583,A228340,동양파일,KOSDAQ
584,A092780,동양피스톤,KOSPI
585,A088910,동우팜투테이블,KOSDAQ
586,A094170,동운아나텍,KOSDAQ
587,A049770,동원F&B,KOSPI
588,A013120,동원개발,KOSDAQ
589,A018500,동원금속,KOSPI
590,A006040,동원산업,KOSPI
591,A030720,동원수산,KOSPI
592,A014820,동원시스템즈,KOSPI
593,A014825,동원시스템즈우,KOSPI
594,A163560,동일고무벨트,KOSPI
595,A109860,동일금속,KOSDAQ
596,A032960,동일기연,KOSDAQ
597,A004890,동일산업,KOSPI
598,A002690,동일제강,KOSPI
599,A023790,동일철강,KOSDAQ
600,A005290,동진쎄미켐,KOSDAQ
601,A025900,동화기업,KOSDAQ
602,A000020,동화약품,KOSPI
603,A000150,두산,KOSPI
604,A000157,두산2우B,KOSPI
605,A241560,두산밥캣,KOSPI
606,A000155,두산우,KOSPI
607,A042670,두산인프라코어,KOSPI
608,A034020,두산중공업,KOSPI
609,A336260,두산퓨얼셀,KOSPI
610,A33626K,두산퓨얼셀1우,KOSPI
611,A33626L,두산퓨얼셀2우B,KOSPI
612,A016740,두올,KOSPI
613,A073190,듀오백,KOSDAQ
614,A176750,듀켐바이오,KONEX
615,A030350,드래곤플라이,KOSDAQ
616,A203650,드림시큐리티,KOSDAQ
617,A223250,드림씨아이에스,KOSDAQ
618,A060570,드림어스컴퍼니,KOSDAQ
619,A192650,드림텍,KOSPI
620,A217620,디딤,KOSDAQ
621,A187870,디바이스이엔지,KOSDAQ
622,A066670,디스플레이텍,KOSDAQ
623,A024090,디씨엠,KOSPI
624,A003160,디아이,KOSPI
625,A092200,디아이씨,KOSPI
626,A110990,디아이티,KOSDAQ
627,A263690,디알젬,KOSDAQ
628,A214680,디알텍,KOSDAQ
629,A263720,디앤씨미디어,KOSDAQ
630,A109740,디에스케이,KOSDAQ
631,A033430,디에스티,KOSDAQ
632,A131030,디에이치피코리아,KOSDAQ
633,A196490,디에이테크놀로지,KOSDAQ
634,A066900,디에이피,KOSDAQ
635,A127120,디엔에이링크,KOSDAQ
636,A092070,디엔에프,KOSDAQ
637,A134580,디엠티,KOSDAQ
638,A039840,디오,KOSDAQ
639,A196450,디오스텍,KOSDAQ
640,A013570,디와이,KOSPI
641,A210540,디와이파워,KOSPI
642,A104460,디와이피엔에프,KOSDAQ
643,A079810,디이엔티,KOSDAQ
644,A227100,디자인,KOSDAQ
645,A113810,디젠스,KOSDAQ
646,A043360,디지아이,KOSDAQ
647,A197140,디지캡,KOSDAQ
648,A106520,디지탈옵틱,KOSDAQ
649,A068930,디지털대성,KOSDAQ
650,A033130,디지틀조선,KOSDAQ
651,A105740,디케이락,KOSDAQ
652,A263020,디케이앤디,KOSDAQ
653,A290550,디케이티,KOSDAQ
654,A007340,디티알오토모티브,KOSPI
655,A187220,디티앤씨,KOSDAQ
656,A026890,디피씨,KOSPI
657,A163430,디피코,KONEX
658,A131180,딜리,KOSDAQ
659,A317120,라닉스,KOSDAQ
660,A042510,라온시큐어,KOSDAQ
661,A232680,라온테크,KONEX
662,A300120,라온피플,KOSDAQ
663,A036170,라이브파이낸셜,KOSDAQ
664,A050120,라이브플렉스,KOSDAQ
665,A171120,라이온켐텍,KOSDAQ
666,A069540,라이트론,KOSDAQ
667,A285770,라이프사이언스테크놀로지,KONEX
668,A214260,라파스,KOSDAQ
669,A115390,락앤락,KOSPI
670,A200350,래몽래인,KONEX
671,A171010,램테크놀러지,KOSDAQ
672,A084650,랩지노믹스,KOSDAQ
673,A217500,러셀,KOSDAQ
674,A092590,럭스피아,KONEX
675,A033600,럭슬,KOSDAQ
676,A141080,레고켐바이오,KOSDAQ
677,A060300,레드로버,KOSDAQ
678,A038390,레드캡투어,KOSDAQ
679,A294140,레몬,KOSDAQ
680,A228670,레이,KOSDAQ
681,A228850,레이언스,KOSDAQ
682,A281740,레이크머티리얼즈,KOSDAQ
683,A215100,로보로보,KOSDAQ
684,A090360,로보스타,KOSDAQ
685,A238500,로보쓰리,KONEX
686,A108490,로보티즈,KOSDAQ
687,A900260,로스웰,KOSDAQ
688,A067730,로지시스,KOSDAQ
689,A071280,로체시스템즈,KOSDAQ
690,A032350,롯데관광개발,KOSPI
691,A330590,롯데리츠,KOSPI
692,A000400,롯데손해보험,KOSPI
693,A023530,롯데쇼핑,KOSPI
694,A004000,롯데정밀화학,KOSPI
695,A286940,롯데정보통신,KOSPI
696,A280360,롯데제과,KOSPI
697,A004990,롯데지주,KOSPI
698,A00499K,롯데지주우,KOSPI
699,A005300,롯데칠성,KOSPI
700,A005305,롯데칠성우,KOSPI
701,A011170,롯데케미칼,KOSPI
702,A002270,롯데푸드,KOSPI
703,A071840,롯데하이마트,KOSPI
704,A038060,루멘스,KOSDAQ
705,A162120,루켄테크놀러지스,KONEX
706,A253610,루트락,KONEX
707,A085370,루트로닉,KOSDAQ
708,A08537M,루트로닉3우C,KOSDAQ
709,A060240,룽투코리아,KOSDAQ
710,A058470,리노공업,KOSDAQ
711,A039980,리노스,KOSDAQ
712,A019570,리더스 기술투자,KOSDAQ
713,A016100,리더스코스메틱,KOSDAQ
714,A012700,리드코프,KOSDAQ
715,A302550,리메드,KOSDAQ
716,A029480,릭스솔루션,KOSDAQ
717,A277070,린드먼아시아,KOSDAQ
718,A042500,링네트,KOSDAQ
719,A219420,링크제니시스,KOSDAQ
720,A027740,마니커,KOSPI
721,A195500,마니커에프앤지,KOSDAQ
722,A222810,마이더스AI,KOSDAQ
723,A305090,마이크로디지탈,KOSDAQ
724,A098120,마이크로컨텍솔,KOSDAQ
725,A147760,마이크로프랜드,KOSDAQ
726,A038290,마크로젠,KOSDAQ
727,A204320,만도,KOSPI
728,A001080,만호제강,KOSPI
729,A267980,매일유업,KOSDAQ
730,A005990,매일홀딩스,KOSDAQ
731,A127160,매직마이크로,KOSDAQ
732,A093520,매커스,KOSDAQ
733,A141070,맥스로텍,KOSDAQ
734,A088980,맥쿼리인프라,KOSPI
735,A094800,맵스리얼티1,KOSPI
736,A100590,머큐리,KOSDAQ
737,A067280,멀티캠퍼스,KOSDAQ
738,A072870,메가스터디,KOSDAQ
739,A215200,메가스터디교육,KOSDAQ
740,A133750,메가엠디,KOSDAQ
741,A235980,메드팩토,KOSDAQ
742,A200580,메디쎄이,KONEX
743,A041920,메디아나,KOSDAQ
744,A233250,메디안디노스틱,KONEX
745,A014100,메디앙스,KOSDAQ
746,A236340,메디젠휴먼케어,KONEX
747,A054180,메디콕스,KOSDAQ
748,A086900,메디톡스,KOSDAQ
749,A078160,메디포스트,KOSDAQ
750,A065650,메디프론,KOSDAQ
751,A138040,메리츠금융지주,KOSPI
752,A008560,메리츠증권,KOSPI
753,A000060,메리츠화재,KOSPI
754,A021880,메이슨캐피탈,KOSDAQ
755,A140410,메지온,KOSDAQ
756,A241770,메카로,KOSDAQ
757,A090370,메타랩스,KOSPI
758,A059210,메타바이오메드,KOSDAQ
759,A327260,메탈라이프,KOSDAQ
760,A058110,멕아이씨에스,KOSDAQ
761,A096640,멜파스,KOSDAQ
762,A017180,명문제약,KOSPI
763,A257370,명성티엔에스,KOSDAQ
764,A009900,명신산업,KOSPI
765,A267060,명진홀딩스,KONEX
766,A012690,모나리자,KOSPI
767,A005360,모나미,KOSPI
768,A080420,모다이노칩,KOSDAQ
769,A080160,모두투어,KOSDAQ
770,A204210,모두투어리츠,KOSPI
771,A100030,모바일리더,KOSDAQ
772,A087260,모바일어플라이언스,KOSDAQ
773,A101330,모베이스,KOSDAQ
774,A012860,모베이스전자,KOSDAQ
775,A250060,모비스,KOSDAQ
776,A033200,모아텍,KOSDAQ
777,A009680,모토닉,KOSPI
778,A118990,모트렉스,KOSDAQ
779,A006920,모헨즈,KOSDAQ
780,A009580,무림P&P,KOSPI
781,A001810,무림SP,KOSDAQ
782,A009200,무림페이퍼,KOSPI
783,A322970,무진메디,KONEX
784,A033920,무학,KOSPI
785,A008420,문배철강,KOSPI
786,A279600,미디어젠,KOSDAQ
787,A028040,미래SCI,KOSDAQ
788,A095500,미래나노텍,KOSDAQ
789,A025560,미래산업,KOSPI
790,A218150,미래생명자원,KOSDAQ
791,A007120,미래아이앤지,KOSPI
792,A006800,미래에셋대우,KOSPI
793,A00680K,미래에셋대우2우B,KOSPI
794,A353490,미래에셋대우스팩 5호,KOSDAQ
795,A328380,미래에셋대우스팩3호,KOSDAQ
796,A333430,미래에셋대우스팩4호,KOSDAQ
797,A006805,미래에셋대우우,KOSPI
798,A357250,미래에셋맵스리츠,KOSPI
799,A100790,미래에셋벤처투자,KOSDAQ
800,A085620,미래에셋생명,KOSPI
801,A208890,미래엔에듀파트너,KONEX
802,A049950,미래컴퍼니,KOSDAQ
803,A213090,미래테크놀로지,KOSDAQ
804,A207760,미스터블루,KOSDAQ
805,A225850,미애부,KONEX
806,A002840,미원상사,KOSPI
807,A268280,미원에스씨,KOSPI
808,A107590,미원홀딩스,KOSPI
809,A134380,미원화학,KOSPI
810,A003650,미창석유,KOSPI
811,A059090,미코,KOSDAQ
812,A214610,미코바이오메드,KOSDAQ
813,A201490,미투온,KOSDAQ
814,A950190,미투젠,KOSDAQ
815,A214180,민앤지,KOSDAQ
816,A155900,바다로19호,KOSPI
817,A206640,바디텍메드,KOSDAQ
818,A018700,바른손,KOSDAQ
819,A035620,바른손이앤에이,KOSDAQ
820,A064520,바른전자,KOSDAQ
821,A053030,바이넥스,KOSDAQ
822,A301300,바이브컴퍼니,KOSDAQ
823,A064550,바이오니아,KOSDAQ
824,A208710,바이오로그디바이스,KOSDAQ
825,A142760,바이오리더스,KOSDAQ
826,A086820,바이오솔루션,KOSDAQ
827,A038460,바이오스마트,KOSDAQ
828,A281310,바이오시네틱스,KONEX
829,A266470,바이오인프라생명과학,KONEX
830,A216400,바이오코아,KONEX
831,A086040,바이오톡스텍,KOSDAQ
832,A199290,바이오프로테크,KONEX
833,A032980,바이온,KOSDAQ
834,A222160,바이옵트로,KONEX
835,A043150,바텍,KOSDAQ
836,A323990,박셀바이오,KOSDAQ
837,A003610,방림,KOSPI
838,A267790,배럴,KOSDAQ
839,A001340,백광산업,KOSPI
840,A046310,백금T&A,KOSDAQ
841,A035150,백산,KOSPI
842,A036620,버추얼텍,KOSDAQ
843,A066410,버킷스튜디오,KOSDAQ
844,A002410,범양건영,KOSPI
845,A206400,베노홀딩스,KOSDAQ
846,A019010,베뉴지,KOSDAQ
847,A177350,베셀,KOSDAQ
848,A299910,베스파,KOSDAQ
849,A096300,베트남개발1,KOSPI
850,A007210,벽산,KOSPI
851,A225530,보광산업,KOSDAQ
852,A250000,보라티알,KOSDAQ
853,A002760,보락,KOSPI
854,A003850,보령제약,KOSPI
855,A006910,보성파워텍,KOSDAQ
856,A000890,보해양조,KOSPI
857,A226340,본느,KOSDAQ
858,A206950,볼빅,KONEX
859,A003000,부광약품,KOSPI
860,A001270,부국증권,KOSPI
861,A001275,부국증권우,KOSPI
862,A026940,부국철강,KOSPI
863,A014470,부방,KOSDAQ
864,A015350,부산가스,KOSPI
865,A011390,부산산업,KOSPI
866,A005030,부산주공,KOSPI
867,A008470,부스타,KOSDAQ
868,A100120,뷰웍스,KOSDAQ
869,A337930,브랜드엑스코퍼레이션,KOSDAQ
870,A066980,브레인콘텐츠,KOSDAQ
871,A064480,브리지텍,KOSDAQ
872,A288330,브릿지바이오테라퓨틱스,KOSDAQ
873,A251630,브이원텍,KOSDAQ
874,A018290,브이티지엠피,KOSDAQ
875,A263920,블러썸엠앤씨,KOSDAQ
876,A033560,블루콤,KOSDAQ
877,A126340,비나텍,KOSDAQ
878,A121800,비덴트,KOSDAQ
879,A148140,비디아이,KOSDAQ
880,A082800,비보존 헬스케어,KOSDAQ
881,A318410,비비씨,KOSDAQ
882,A002070,비비안,KOSPI
883,A100220,비상교육,KOSPI
884,A200780,비씨월드제약,KOSDAQ
885,A141000,비아트론,KOSDAQ
886,A090460,비에이치,KOSDAQ
887,A083650,비에이치아이,KOSDAQ
888,A215050,비엔디생활건강,KONEX
889,A086670,비엠티,KOSDAQ
890,A335890,비올,KOSDAQ
891,A138580,비즈니스온,KOSDAQ
892,A082920,비츠로셀,KOSDAQ
893,A054220,비츠로시스,KOSDAQ
894,A042370,비츠로테크,KOSDAQ
895,A030790,비케이탑스,KOSPI
896,A032850,비트컴퓨터,KOSDAQ
897,A148780,비플라이소프트,KONEX
898,A238200,비피도,KOSDAQ
899,A093190,빅솔론,KOSDAQ
900,A065450,빅텍,KOSDAQ
901,A210120,빅텐츠,KONEX
902,A352820,빅히트,KOSPI
903,A005180,빙그레,KOSPI
904,A072950,빛샘전자,KOSDAQ
905,A266170,뿌리깊은나무들,KONEX
906,A143240,사람인에이치알,KOSDAQ
907,A003960,사조대림,KOSPI
908,A008040,사조동아원,KOSPI
909,A007160,사조산업,KOSPI
910,A014710,사조씨푸드,KOSPI
911,A006090,사조오양,KOSPI
912,A100090,삼강엠앤티,KOSDAQ
913,A122350,삼기,KOSDAQ
914,A014970,삼륭물산,KOSDAQ
915,A018310,삼목에스폼,KOSDAQ
916,A053700,삼보모터스,KOSDAQ
917,A009620,삼보산업,KOSDAQ
918,A023600,삼보판지,KOSDAQ
919,A111870,삼본전자,KOSDAQ
920,A001470,삼부토건,KOSPI
921,A006400,삼성SDI,KOSPI
922,A006405,삼성SDI우,KOSPI
923,A006660,삼성공조,KOSPI
924,A028260,삼성물산,KOSPI
925,A02826K,삼성물산우B,KOSPI
926,A207940,삼성바이오로직스,KOSPI
927,A032830,삼성생명,KOSPI
928,A291230,삼성스팩2호,KOSDAQ
929,A018260,삼성에스디에스,KOSPI
930,A028050,삼성엔지니어링,KOSPI
931,A009150,삼성전기,KOSPI
932,A009155,삼성전기우,KOSPI
933,A005930,삼성전자,KOSPI
934,A005935,삼성전자우,KOSPI
935,A001360,삼성제약,KOSPI
936,A010140,삼성중공업,KOSPI
937,A010145,삼성중공우,KOSPI
938,A016360,삼성증권,KOSPI
939,A068290,삼성출판사,KOSPI
940,A029780,삼성카드,KOSPI
941,A000810,삼성화재,KOSPI
942,A000815,삼성화재우,KOSPI
943,A006110,삼아알미늄,KOSPI
944,A009300,삼아제약,KOSDAQ
945,A145990,삼양사,KOSPI
946,A145995,삼양사우,KOSPI
947,A003230,삼양식품,KOSPI
948,A225190,삼양옵틱스,KOSDAQ
949,A002170,삼양통상,KOSPI
950,A272550,삼양패키징,KOSPI
951,A000070,삼양홀딩스,KOSPI
952,A000075,삼양홀딩스우,KOSPI
953,A002810,삼영무역,KOSPI
954,A054540,삼영엠텍,KOSDAQ
955,A065570,삼영이엔씨,KOSDAQ
956,A005680,삼영전자,KOSPI
957,A003720,삼영화학,KOSPI
958,A023000,삼원강재,KOSPI
959,A004380,삼익THK,KOSPI
960,A002450,삼익악기,KOSPI
961,A032280,삼일,KOSDAQ
962,A002290,삼일기업공사,KOSDAQ
963,A004440,삼일씨엔에스,KOSPI
964,A000520,삼일제약,KOSPI
965,A009770,삼정펄프,KOSPI
966,A037460,삼지전자,KOSDAQ
967,A032750,삼진,KOSDAQ
968,A054090,삼진엘앤디,KOSDAQ
969,A005500,삼진제약,KOSPI
970,A000250,삼천당제약,KOSDAQ
971,A004690,삼천리,KOSPI
972,A024950,삼천리자전거,KOSDAQ
973,A038500,삼표시멘트,KOSDAQ
974,A017480,삼현철강,KOSDAQ
975,A010960,삼호개발,KOSPI
976,A046390,삼화네트웍스,KOSDAQ
977,A004450,삼화왕관,KOSPI
978,A009470,삼화전기,KOSPI
979,A011230,삼화전자,KOSPI
980,A001820,삼화콘덴서,KOSPI
981,A000390,삼화페인트,KOSPI
982,A027580,상보,KOSDAQ
983,A038540,상상인,KOSDAQ
984,A307870,상상인이안1호스팩,KOSDAQ
985,A329560,상상인이안제2호스팩,KOSDAQ
986,A101000,상상인인더스트리,KOSDAQ
987,A001290,상상인증권,KOSPI
988,A041650,상신브레이크,KOSPI
989,A091580,상신이디피,KOSDAQ
990,A263810,상신전자,KOSDAQ
991,A089980,상아프론테크,KOSDAQ
992,A042940,상지카일룸,KOSDAQ
993,A042600,새로닉스,KOSDAQ
994,A075180,새론오토모티브,KOSPI
995,A263540,샘코,KOSDAQ
996,A007540,샘표,KOSPI
997,A248170,샘표식품,KOSPI
998,A294630,서남,KOSDAQ
999,A038070,서린바이오,KOSDAQ
1000,A006730,서부T&D,KOSDAQ
1001,A079650,서산,KOSDAQ
1002,A100660,서암기계공업,KOSDAQ
1003,A007860,서연,KOSPI
1004,A200880,서연이화,KOSPI
1005,A019770,서연탑메탈,KOSDAQ
1006,A017390,서울가스,KOSPI
1007,A043710,서울리거,KOSDAQ
1008,A092190,서울바이오시스,KOSDAQ
1009,A046890,서울반도체,KOSDAQ
1010,A004410,서울식품,KOSPI
1011,A004415,서울식품우,KOSPI
1012,A063170,서울옥션,KOSDAQ
1013,A027040,서울전자통신,KOSDAQ
1014,A018680,서울제약,KOSDAQ
1015,A021050,서원,KOSPI
1016,A093920,서원인텍,KOSDAQ
1017,A189860,서전기전,KOSDAQ
1018,A178320,서진시스템,KOSDAQ
1019,A122690,서진오토모티브,KOSDAQ
1020,A140070,서플러스글로벌,KOSDAQ
1021,A011370,서한,KOSDAQ
1022,A065710,서호전기,KOSDAQ
1023,A008490,서흥,KOSPI
1024,A035890,서희건설,KOSDAQ
1025,A357550,석경에이티,KOSDAQ
1026,A003100,선광,KOSDAQ
1027,A123420,선데이토즈,KOSDAQ
1028,A007610,선도전기,KOSPI
1029,A067370,선바이오,KONEX
1030,A171090,선익시스템,KOSDAQ
1031,A136490,선진,KOSPI
1032,A002820,선창산업,KOSPI
1033,A014620,성광벤드,KOSDAQ
1034,A037350,성도이엔지,KOSDAQ
1035,A014910,성문전자,KOSPI
1036,A014915,성문전자우,KOSPI
1037,A003080,성보화학,KOSPI
1038,A004980,성신양회,KOSPI
1039,A004985,성신양회우,KOSPI
1040,A011300,성안,KOSPI
1041,A081580,성우전자,KOSDAQ
1042,A045300,성우테크론,KOSDAQ
1043,A015750,성우하이텍,KOSDAQ
1044,A000180,성창기업지주,KOSPI
1045,A080470,성창오토텍,KOSDAQ
1046,A043260,성호전자,KOSDAQ
1047,A148150,세경하이테크,KOSDAQ
1048,A002420,세기상사,KOSPI
1049,A053060,세동,KOSDAQ
1050,A017510,세명전기,KOSDAQ
1051,A214310,세미콘라이트,KOSDAQ
1052,A004360,세방,KOSPI
1053,A004365,세방우,KOSPI
1054,A004490,세방전지,KOSPI
1055,A011560,세보엠이씨,KOSDAQ
1056,A001430,세아베스틸,KOSPI
1057,A306200,세아제강,KOSPI
1058,A003030,세아제강지주,KOSPI
1059,A019440,세아특수강,KOSPI
1060,A058650,세아홀딩스,KOSPI
1061,A013000,세우글로벌,KOSPI
1062,A100700,세운메디칼,KOSDAQ
1063,A234100,세원,KOSDAQ
1064,A024830,세원물산,KOSDAQ
1065,A091090,세원셀론텍,KOSPI
1066,A021820,세원정공,KOSPI
1067,A067830,세이브존I&C,KOSPI
1068,A033530,세종공업,KOSPI
1069,A258830,세종메디칼,KOSDAQ
1070,A036630,세종텔레콤,KOSDAQ
1071,A039310,세중,KOSDAQ
1072,A075580,세진중공업,KOSPI
1073,A067770,세진티에스,KOSDAQ
1074,A053450,세코닉스,KOSDAQ
1075,A234340,세틀뱅크,KOSDAQ
1076,A027970,세하,KOSPI
1077,A145210,세화아이엠씨,KOSPI
1078,A252500,세화피앤씨,KOSDAQ
1079,A347000,센코,KOSDAQ
1080,A308170,센트랄모텍,KOSPI
1081,A051980,센트럴바이오,KOSDAQ
1082,A012600,센트럴인사이트,KOSPI
1083,A331920,셀레믹스,KOSDAQ
1084,A049180,셀루메드,KOSDAQ
1085,A299660,셀리드,KOSDAQ
1086,A268600,셀리버리,KOSDAQ
1087,A108860,셀바스AI,KOSDAQ
1088,A208370,셀바스헬스케어,KOSDAQ
1089,A258250,셀젠텍,KONEX
1090,A068270,셀트리온,KOSPI
1091,A068760,셀트리온제약,KOSDAQ
1092,A091990,셀트리온헬스케어,KOSDAQ
1093,A290690,소룩스,KOSDAQ
1094,A053110,소리바다,KOSDAQ
1095,A950200,소마젠(Reg.S),KOSDAQ
1096,A032680,소프트센,KOSDAQ
1097,A032685,소프트센우,KOSDAQ
1098,A258790,소프트캠프,KOSDAQ
1099,A066910,손오공,KOSDAQ
1100,A043100,솔고바이오,KOSDAQ
1101,A336370,솔루스첨단소재,KOSPI
1102,A33637K,솔루스첨단소재1우,KOSPI
1103,A33637L,솔루스첨단소재2우B,KOSPI
1104,A154040,솔루에타,KOSDAQ
1105,A035610,솔본,KOSDAQ
1106,A357780,솔브레인,KOSDAQ
1107,A036830,솔브레인홀딩스,KOSDAQ
1108,A304100,솔트룩스,KOSDAQ
1109,A230980,솔트웍스,KOSDAQ
1110,A004430,송원산업,KOSPI
1111,A086980,쇼박스,KOSDAQ
1112,A050960,수산아이앤티,KOSDAQ
1113,A017550,수산중공업,KOSPI
1114,A084180,수성,KOSDAQ
1115,A253840,수젠텍,KOSDAQ
1116,A185190,수프로,KONEX
1117,A058530,슈펙스비앤피,KOSDAQ
1118,A236200,슈프리마,KOSDAQ
1119,A317770,슈프리마아이디,KOSDAQ
1120,A094840,슈프리마에이치큐,KOSDAQ
1121,A192440,슈피겐코리아,KOSDAQ
1122,A099440,스맥,KOSDAQ
1123,A053210,스카이라이프,KOSPI
1124,A033790,스카이문스테크놀로지,KOSDAQ
1125,A131100,스카이이앤엠,KOSDAQ
1126,A159910,스킨앤스킨,KOSDAQ
1127,A158310,스타모빌리티,KOSDAQ
1128,A115570,스타플렉스,KOSDAQ
1129,A258540,스템랩,KONEX
1130,A253450,스튜디오드래곤,KOSDAQ
1131,A204630,스튜디오산타클로스,KOSDAQ
1132,A013810,스페코,KOSDAQ
1133,A049830,승일,KOSDAQ
1134,A020710,시공테크,KOSDAQ
1135,A033170,시그네틱스,KOSDAQ
1136,A260870,시그넷이브이,KONEX
1137,A048870,시너지이노베이션,KOSDAQ
1138,A025320,시노펙스,KOSDAQ
1139,A134790,시디즈,KOSPI
1140,A269620,시스웍,KOSDAQ
1141,A131090,시큐브,KOSDAQ
1142,A232830,시큐센,KONEX
1143,A016590,신대양제지,KOSPI
1144,A290520,신도기연,KOSDAQ
1145,A029530,신도리코,KOSPI
1146,A004970,신라교역,KOSPI
1147,A001000,신라섬유,KOSDAQ
1148,A025870,신라에스지,KOSDAQ
1149,A215600,신라젠,KOSDAQ
1150,A065350,신성델타테크,KOSDAQ
1151,A011930,신성이엔지,KOSPI
1152,A005390,신성통상,KOSPI
1153,A004170,신세계,KOSPI
1154,A035510,신세계 I&C,KOSPI
1155,A034300,신세계건설,KOSPI
1156,A031430,신세계인터내셔날,KOSPI
1157,A031440,신세계푸드,KOSPI
1158,A006880,신송홀딩스,KOSPI
1159,A002800,신신제약,KOSDAQ
1160,A323280,신영스팩5호,KOSDAQ
1161,A344050,신영스팩6호,KOSDAQ
1162,A005800,신영와코루,KOSPI
1163,A001720,신영증권,KOSPI
1164,A001725,신영증권우,KOSPI
1165,A009270,신원,KOSPI
1166,A009275,신원우,KOSPI
1167,A017000,신원종합개발,KOSDAQ
1168,A002700,신일전자,KOSPI
1169,A012790,신일제약,KOSDAQ
1170,A138070,신진에스엠,KOSDAQ
1171,A226330,신테카바이오,KOSDAQ
1172,A019170,신풍제약,KOSPI
1173,A019175,신풍제약우,KOSPI
1174,A002870,신풍제지,KOSPI
1175,A293940,신한알파리츠,KOSPI
1176,A333050,신한제6호스팩,KOSDAQ
1177,A055550,신한지주,KOSPI
1178,A001770,신화실업,KOSPI
1179,A056700,신화인터텍,KOSDAQ
1180,A187270,신화콘텍,KOSDAQ
1181,A004080,신흥,KOSPI
1182,A243840,신흥에스이씨,KOSDAQ
1183,A108320,실리콘웍스,KOSDAQ
1184,A222800,심텍,KOSDAQ
1185,A036710,심텍홀딩스,KOSDAQ
1186,A160980,싸이맥스,KOSDAQ
1187,A217330,싸이토젠,KOSDAQ
1188,A102280,쌍방울,KOSPI
1189,A003410,쌍용양회,KOSPI
1190,A010280,쌍용정보통신,KOSDAQ
1191,A003620,쌍용차,KOSPI
1192,A004770,써니전자,KOSPI
1193,A217320,썬테크,KONEX
1194,A208640,썸에이지,KOSDAQ
1195,A222420,쎄노텍,KOSDAQ
1196,A037760,쎄니트,KOSDAQ
1197,A136510,쎄미시스코,KOSDAQ
1198,A099320,쎄트렉아이,KOSDAQ
1199,A015540,쎌마테라퓨틱스,KOSPI
1200,A049960,쎌바이오텍,KOSDAQ
1201,A050890,쏠리드,KOSDAQ
1202,A066790,씨씨에스,KOSDAQ
1203,A222080,씨아이에스,KOSDAQ
1204,A004920,씨아이테크,KOSPI
1205,A236030,씨알푸드,KONEX
1206,A103660,씨앗,KONEX
1207,A245450,씨앤에스링크,KONEX
1208,A264660,씨앤지하이테크,KOSDAQ
1209,A297090,씨에스베어링,KOSDAQ
1210,A112610,씨에스윈드,KOSPI
1211,A286000,씨엔티드림,KONEX
1212,A115530,씨엔플러스,KOSDAQ
1213,A225330,씨엠에스에듀,KOSDAQ
1214,A115480,씨유메디칼,KOSDAQ
1215,A189330,씨이랩,KONEX
1216,A096530,씨젠,KOSDAQ
1217,A900120,씨케이에이치,KOSDAQ
1218,A101240,씨큐브,KOSDAQ
1219,A060590,씨티씨바이오,KOSDAQ
1220,A260930,씨티케이코스메틱스,KOSDAQ
1221,A013990,아가방컴퍼니,KOSDAQ
1222,A123860,아나패스,KOSDAQ
1223,A025980,아난티,KOSDAQ
1224,A008700,아남전자,KOSPI
1225,A050320,아래스,KOSDAQ
1226,A058220,아리온,KOSDAQ
1227,A125210,아모그린텍,KOSDAQ
1228,A002790,아모레G,KOSPI
1229,A00279K,아모레G3우(전환),KOSPI
1230,A002795,아모레G우,KOSPI
1231,A090430,아모레퍼시픽,KOSPI
1232,A090435,아모레퍼시픽우,KOSPI
1233,A052710,아모텍,KOSDAQ
1234,A074430,아미노로직스,KOSDAQ
1235,A092040,아미코젠,KOSDAQ
1236,A083930,아바코,KOSDAQ
1237,A149950,아바텍,KOSDAQ
1238,A036010,아비코전자,KOSDAQ
1239,A002030,아세아,KOSPI
1240,A183190,아세아시멘트,KOSPI
1241,A002310,아세아제지,KOSPI
1242,A050860,아세아텍,KOSDAQ
1243,A246720,아스타,KOSDAQ
1244,A067390,아스트,KOSDAQ
1245,A127710,아시아경제,KOSDAQ
1246,A267850,아시아나IDT,KOSPI
1247,A020560,아시아나항공,KOSPI
1248,A154030,아시아종묘,KOSDAQ
1249,A227610,아우딘퓨쳐스,KOSDAQ
1250,A143160,아이디스,KOSDAQ
1251,A054800,아이디스홀딩스,KOSDAQ
1252,A332370,아이디피,KOSDAQ
1253,A122900,아이마켓코리아,KOSPI
1254,A339950,아이비김영,KOSDAQ
1255,A099190,아이센스,KOSDAQ
1256,A289010,아이스크림에듀,KOSDAQ
1257,A214430,아이쓰리시스템,KOSDAQ
1258,A040910,아이씨디,KOSDAQ
1259,A068940,아이씨케이,KOSDAQ
1260,A052860,아이앤씨,KOSDAQ
1261,A010780,아이에스동서,KOSPI
1262,A069920,아이에스이커머스,KOSDAQ
1263,A038880,아이에이,KOSDAQ
1264,A123010,아이에이네트웍스,KOSDAQ
1265,A307180,아이엘사이언스,KOSDAQ
1266,A101390,아이엠,KOSDAQ
1267,A090740,아이엠이연이,KOSDAQ
1268,A226350,아이엠텍,KOSDAQ
1269,A078860,아이오케이,KOSDAQ
1270,A114810,아이원스,KOSDAQ
1271,A031310,아이즈비전,KOSDAQ
1272,A185490,아이진,KOSDAQ
1273,A059100,아이컴포넌트,KOSDAQ
1274,A149010,아이케이세미콘,KONEX
1275,A175250,아이큐어,KOSDAQ
1276,A052460,아이크래프트,KOSDAQ
1277,A119830,아이텍,KOSDAQ
1278,A052770,아이톡시,KOSDAQ
1279,A124500,아이티센,KOSDAQ
1280,A084850,아이티엠반도체,KOSDAQ
1281,A223220,아이피몬스터,KONEX
1282,A027360,아주IB투자,KOSDAQ
1283,A033660,아주캐피탈,KOSPI
1284,A032080,아즈텍WB,KOSDAQ
1285,A013310,아진산업,KOSDAQ
1286,A059120,아진엑스텍,KOSDAQ
1287,A158430,아톤,KOSDAQ
1288,A149300,아퓨어스,KONEX
1289,A067160,아프리카TV,KOSDAQ
1290,A001540,안국약품,KOSDAQ
1291,A053800,안랩,KOSDAQ
1292,A251280,안지오랩,KONEX
1293,A065660,안트로젠,KOSDAQ
1294,A297570,알로이스,KOSDAQ
1295,A001780,알루코,KOSPI
1296,A260660,알리코제약,KOSDAQ
1297,A131370,알서포트,KOSDAQ
1298,A140670,알에스오토메이션,KOSDAQ
1299,A096610,알에프세미,KOSDAQ
1300,A061040,알에프텍,KOSDAQ
1301,A148250,알엔투테크놀로지,KOSDAQ
1302,A347860,알체라,KOSDAQ
1303,A196170,알테오젠,KOSDAQ
1304,A123750,알톤스포츠,KOSDAQ
1305,A085810,알티캐스트,KOSDAQ
1306,A117670,알파홀딩스,KOSDAQ
1307,A291650,압타머사이언스,KOSDAQ
1308,A293780,압타바이오,KOSDAQ
1309,A267810,앙츠,KONEX
1310,A018250,애경산업,KOSPI
1311,A161000,애경유화,KOSPI
1312,A196300,애니젠,KOSDAQ
1313,A310200,애니플러스,KOSDAQ
1314,A179530,애드바이오텍,KONEX
1315,A205500,액션스퀘어,KOSDAQ
1316,A052790,액토즈소프트,KOSDAQ
1317,A131400,액트,KOSDAQ
1318,A290740,액트로,KOSDAQ
1319,A238090,앤디포스,KOSDAQ
1320,A092600,앤씨앤,KOSDAQ
1321,A129890,앱코,KOSDAQ
1322,A174900,앱클론,KOSDAQ
1323,A255440,야스,KOSDAQ
1324,A030960,양지사,KOSDAQ
1325,A102120,어보브반도체,KOSDAQ
1326,A238120,얼라인드,KOSDAQ
1327,A224810,엄지하우스,KONEX
1328,A019990,에너토크,KOSDAQ
1329,A011090,에넥스,KOSPI
1330,A041440,에버다임,KOSDAQ
1331,A270660,에브리봇,KONEX
1332,A038680,에스넷,KOSDAQ
1333,A217480,에스디생명공학,KOSDAQ
1334,A121890,에스디시스템,KOSDAQ
1335,A097780,에스맥,KOSDAQ
1336,A042110,에스씨디,KOSDAQ
1337,A298060,에스씨엠생명과학,KOSDAQ
1338,A065420,에스아이리소스,KOSDAQ
1339,A270210,에스알바이오텍,KONEX
1340,A103230,에스앤더블류,KOSDAQ
1341,A260970,에스앤디,KONEX
1342,A900080,에스앤씨엔진그룹,KOSDAQ
1343,A101490,에스앤에스텍,KOSDAQ
1344,A095910,에스에너지,KOSDAQ
1345,A275630,에스에스알,KOSDAQ
1346,A031330,에스에이엠티,KOSDAQ
1347,A060540,에스에이티,KOSDAQ
1348,A158300,에스에이티이엔지,KONEX
1349,A056190,에스에프에이,KOSDAQ
1350,A080000,에스엔유,KOSDAQ
1351,A086460,에스엔피제네틱스,KONEX
1352,A005850,에스엘,KOSPI
1353,A246250,에스엘에스바이오,KONEX
1354,A041510,에스엠,KOSDAQ
1355,A299670,에스엠비나,KONEX
1356,A007820,에스엠코어,KOSDAQ
1357,A109610,에스와이,KOSDAQ
1358,A012750,에스원,KOSPI
1359,A306040,에스제이그룹,KOSDAQ
1360,A080440,에스제이케이,KOSDAQ
1361,A217910,에스제이켐,KONEX
1362,A224020,에스케이씨에스,KONEX
1363,A096630,에스코넥,KOSDAQ
1364,A069510,에스텍,KOSDAQ
1365,A041910,에스텍파마,KOSDAQ
1366,A234300,에스트래픽,KOSDAQ
1367,A039440,에스티아이,KOSDAQ
1368,A098660,에스티오,KOSDAQ
1369,A052020,에스티큐브,KOSDAQ
1370,A237690,에스티팜,KOSDAQ
1371,A050760,에스폴리텍,KOSDAQ
1372,A288620,에스퓨얼셀,KOSDAQ
1373,A317830,에스피시스템스,KOSDAQ
1374,A058610,에스피지,KOSDAQ
1375,A043340,에쎈테크,KOSDAQ
1376,A023960,에쓰씨엔지니어링,KOSPI
1377,A298690,에어부산,KOSPI
1378,A054630,에이디칩스,KOSDAQ
1379,A200710,에이디테크놀로지,KOSDAQ
1380,A096690,에이루트,KOSDAQ
1381,A140910,에이리츠,KOSPI
1382,A078520,에이블씨엔씨,KOSPI
1383,A298380,에이비엘바이오,KOSDAQ
1384,A203400,에이비온,KONEX
1385,A195990,에이비프로바이오,KOSDAQ
1386,A003800,에이스침대,KOSDAQ
1387,A322190,에이스캠퍼,KONEX
1388,A088800,에이스테크,KOSDAQ
1389,A241840,에이스토리,KOSDAQ
1390,A138360,에이씨티,KOSDAQ
1391,A039230,에이아이비트,KOSDAQ
1392,A312610,에이에프더블류,KOSDAQ
1393,A015260,에이엔피,KOSPI
1394,A234070,에이원알폼,KONEX
1395,A072990,에이치시티,KOSDAQ
1396,A044990,에이치엔에스하이텍,KONEX
1397,A176440,에이치엔티,KOSDAQ
1398,A028300,에이치엘비,KOSDAQ
1399,A067630,에이치엘비생명과학,KOSDAQ
1400,A047920,에이치엘비제약,KOSDAQ
1401,A043220,에이치엘비파워,KOSDAQ
1402,A239610,에이치엘사이언스,KOSDAQ
1403,A353070,에이치엠씨제4호스팩,KOSDAQ
1404,A353060,에이치엠씨제5호스팩,KOSDAQ
1405,A044780,에이치케이,KOSDAQ
1406,A071670,에이테크솔루션,KOSDAQ
1407,A045660,에이텍,KOSDAQ
1408,A224110,에이텍티앤,KOSDAQ
1409,A021080,에이티넘인베스트,KOSDAQ
1410,A089530,에이티세미콘,KOSDAQ
1411,A200470,에이팩트,KOSDAQ
1412,A073070,에이팸,KOSDAQ
1413,A207490,에이펙스인텍,KONEX
1414,A036180,에이프런티어,KOSDAQ
1415,A262260,에이프로,KOSDAQ
1416,A109960,에이프로젠 H&G,KOSDAQ
1417,A007460,에이프로젠 KIC,KOSPI
1418,A003060,에이프로젠제약,KOSPI
1419,A244920,에이플러스에셋,KOSPI
1420,A089970,에이피티씨,KOSDAQ
1421,A230240,에치에프알,KOSDAQ
1422,A064510,에코마이스터,KOSDAQ
1423,A230360,에코마케팅,KOSDAQ
1424,A038870,에코바이오,KOSDAQ
1425,A128540,에코캡,KOSDAQ
1426,A086520,에코프로,KOSDAQ
1427,A247540,에코프로비엠,KOSDAQ
1428,A038110,에코플라스틱,KOSDAQ
1429,A073540,에프알텍,KOSDAQ
1430,A064850,에프앤가이드,KOSDAQ
1431,A064090,에프앤리퍼블릭,KOSDAQ
1432,A036810,에프에스티,KOSDAQ
1433,A173940,에프엔씨엔터,KOSDAQ
1434,A083500,에프엔에스테크,KOSDAQ
1435,A054940,엑사이엔씨,KOSDAQ
1436,A950130,엑세스바이오,KOSDAQ
1437,A205100,엑셈,KOSDAQ
1438,A070300,엑스큐어,KOSDAQ
1439,A092870,엑시콘,KOSDAQ
1440,A317870,엔바이오니아,KOSDAQ
1441,A067570,엔브이에이치코리아,KOSDAQ
1442,A140610,엔솔바이오사이언스,KONEX
1443,A101400,엔시트론,KOSDAQ
1444,A036570,엔씨소프트,KOSPI
1445,A217820,엔에스,KOSDAQ
1446,A138250,엔에스쇼핑,KOSPI
1447,A031860,엔에스엔,KOSDAQ
1448,A238170,엔에스엠,KONEX
1449,A224760,엔에스컴퍼니,KONEX
1450,A310840,엔에이치스팩13호,KOSDAQ
1451,A319400,엔에이치스팩14호,KOSDAQ
1452,A353190,엔에이치스팩16호,KOSDAQ
1453,A359090,엔에이치스팩17호,KOSDAQ
1454,A365590,엔에이치스팩18호,KOSDAQ
1455,A265740,엔에프씨,KOSDAQ
1456,A354200,엔젠바이오,KOSDAQ
1457,A093510,엔지브이아이,KONEX
1458,A208860,엔지스테크널러지,KOSDAQ
1459,A183490,엔지켐생명과학,KOSDAQ
1460,A085310,엔케이,KOSPI
1461,A182400,엔케이맥스,KOSDAQ
1462,A009810,엔케이물산,KOSPI
1463,A069410,엔텔스,KOSDAQ
1464,A227950,엔투텍,KOSDAQ
1465,A198080,엔피디,KOSDAQ
1466,A048830,엔피케이,KOSDAQ
1467,A096870,엘디티,KOSDAQ
1468,A276240,엘리비젼,KONEX
1469,A900140,엘브이엠씨홀딩스,KOSPI
1470,A061970,엘비세미콘,KOSDAQ
1471,A138690,엘아이에스,KOSDAQ
1472,A290650,엘앤씨바이오,KOSDAQ
1473,A066970,엘앤에프,KOSDAQ
1474,A156100,엘앤케이바이오,KOSDAQ
1475,A311060,엘에이티,KONEX
1476,A073110,엘엠에스,KOSDAQ
1477,A083310,엘오티베큠,KOSDAQ
1478,A297890,엘이티,KOSDAQ
1479,A037950,엘컴텍,KOSDAQ
1480,A170920,엘티씨,KOSDAQ
1481,A058630,엠게임,KOSDAQ
1482,A058970,엠로,KONEX
1483,A019590,엠벤처투자,KOSDAQ
1484,A169330,엠브레인,KOSDAQ
1485,A097520,엠씨넥스,KOSDAQ
1486,A179290,엠아이텍,KOSDAQ
1487,A225860,엠앤씨생명과학,KONEX
1488,A009780,엠에스씨,KOSDAQ
1489,A123040,엠에스오토텍,KOSDAQ
1490,A323230,엠에프엠코리아,KOSDAQ
1491,A032790,엠젠플러스,KOSDAQ
1492,A033160,엠케이전자,KOSDAQ
1493,A347890,엠투아이,KOSDAQ
1494,A033310,엠투엔,KOSDAQ
1495,A259630,엠플러스,KOSDAQ
1496,A115960,연우,KOSDAQ
1497,A060850,영림원소프트랩,KOSDAQ
1498,A014440,영보화학,KOSPI
1499,A007530,영신금속,KOSDAQ
1500,A143540,영우디에스피,KOSDAQ
1501,A111770,영원무역,KOSPI
1502,A009970,영원무역홀딩스,KOSPI
1503,A003520,영진약품,KOSPI
1504,A000670,영풍,KOSPI
1505,A036560,영풍정밀,KOSDAQ
1506,A006740,영풍제지,KOSPI
1507,A012280,영화금속,KOSPI
1508,A265560,영화테크,KOSDAQ
1509,A012160,영흥,KOSPI
1510,A036000,예림당,KOSDAQ
1511,A250930,예선테크,KOSDAQ
1512,A053280,예스24,KOSDAQ
1513,A015360,예스코홀딩스,KOSPI
1514,A122640,예스티,KOSDAQ
1515,A179720,옐로페이,KONEX
1516,A900300,오가닉티코스메틱,KOSDAQ
1517,A045060,오공,KOSDAQ
1518,A080520,오디텍,KOSDAQ
1519,A007310,오뚜기,KOSPI
1520,A039830,오로라,KOSDAQ
1521,A046120,오르비텍,KOSDAQ
1522,A014940,오리엔탈정공,KOSDAQ
1523,A002630,오리엔트바이오,KOSPI
1524,A065500,오리엔트정공,KOSDAQ
1525,A271560,오리온,KOSPI
1526,A001800,오리온홀딩스,KOSPI
1527,A010470,오리콤,KOSDAQ
1528,A053980,오상자이엘,KOSDAQ
1529,A052420,오성첨단소재,KOSDAQ
1530,A241790,오션브릿지,KOSDAQ
1531,A329020,오션스톤,KONEX
1532,A039200,오스코텍,KOSDAQ
1533,A226400,오스테오닉,KOSDAQ
1534,A031510,오스템,KOSDAQ
1535,A048260,오스템임플란트,KOSDAQ
1536,A138080,오이솔루션,KOSDAQ
1537,A080580,오킨스전자,KOSDAQ
1538,A067170,오텍,KOSDAQ
1539,A173130,오파스넷,KOSDAQ
1540,A049480,오픈베이스,KOSDAQ
1541,A309930,오하임아이엔티,KOSDAQ
1542,A244460,올리패스,KOSDAQ
1543,A226950,올릭스,KOSDAQ
1544,A057540,옴니시스템,KOSDAQ
1545,A082210,옵트론텍,KOSDAQ
1546,A109080,옵티시스,KOSDAQ
1547,A153710,옵티팜,KOSDAQ
1548,A122990,와이솔,KOSDAQ
1549,A232140,와이아이케이,KOSDAQ
1550,A067900,와이엔텍,KOSDAQ
1551,A155650,와이엠씨,KOSDAQ
1552,A251370,와이엠티,KOSDAQ
1553,A066430,와이오엠,KOSDAQ
1554,A193250,와이제이엠게임즈,KOSDAQ
1555,A273060,와이즈버즈,KOSDAQ
1556,A019210,와이지-원,KOSDAQ
1557,A122870,와이지엔터테인먼트,KOSDAQ
1558,A332570,와이팜,KOSDAQ
1559,A079000,와토스코리아,KOSDAQ
1560,A070960,용평리조트,KOSPI
1561,A114630,우노앤컴퍼니,KOSDAQ
1562,A316140,우리금융지주,KOSPI
1563,A032820,우리기술,KOSDAQ
1564,A041190,우리기술투자,KOSDAQ
1565,A115440,우리넷,KOSDAQ
1566,A004720,우리들제약,KOSPI
1567,A118000,우리들휴브레인,KOSPI
1568,A046970,우리로,KOSDAQ
1569,A082850,우리바이오,KOSDAQ
1570,A215360,우리산업,KOSDAQ
1571,A072470,우리산업홀딩스,KOSDAQ
1572,A073560,우리손에프앤지,KOSDAQ
1573,A153490,우리이앤엘,KOSDAQ
1574,A037400,우리조명,KOSDAQ
1575,A010050,우리종금,KOSPI
1576,A101170,우림기계,KOSDAQ
1577,A006980,우성사료,KOSPI
1578,A066590,우수AMS,KOSDAQ
1579,A017370,우신시스템,KOSPI
1580,A103840,우양,KOSDAQ
1581,A046940,우원개발,KOSDAQ
1582,A215380,우정바이오,KOSDAQ
1583,A065680,우주일렉트로,KOSDAQ
1584,A105840,우진,KOSPI
1585,A018620,우진비앤지,KOSDAQ
1586,A010400,우진아이엔에스,KOSPI
1587,A049800,우진플라임,KOSPI
1588,A016880,웅진,KOSPI
1589,A095720,웅진씽크빅,KOSPI
1590,A005820,원림,KOSPI
1591,A278380,원바이오젠,KONEX
1592,A053080,원방테크,KOSDAQ
1593,A032940,원익,KOSDAQ
1594,A240810,원익IPS,KOSDAQ
1595,A074600,원익QnC,KOSDAQ
1596,A104830,원익머트리얼즈,KOSDAQ
1597,A014190,원익큐브,KOSDAQ
1598,A030530,원익홀딩스,KOSDAQ
1599,A012620,원일특강,KOSDAQ
1600,A216280,원텍,KONEX
1601,A122830,원포유,KONEX
1602,A008370,원풍,KOSDAQ
1603,A008290,원풍물산,KOSDAQ
1604,A101160,월덱스,KOSDAQ
1605,A095270,웨이브일렉트로,KOSDAQ
1606,A010600,웰바이오텍,KOSPI
1607,A065950,웰크론,KOSDAQ
1608,A076080,웰크론한텍,KOSDAQ
1609,A196700,웹스,KOSDAQ
1610,A069080,웹젠,KOSDAQ
1611,A053580,웹케시,KOSDAQ
1612,A071460,위니아딤채,KOSDAQ
1613,A044340,위닉스,KOSDAQ
1614,A330350,위더스제약,KOSDAQ
1615,A348350,위드텍,KOSDAQ
1616,A112040,위메이드,KOSDAQ
1617,A065370,위세아이텍,KOSDAQ
1618,A140660,위월드,KONEX
1619,A038620,위즈코프,KOSDAQ
1620,A299900,위지윅스튜디오,KOSDAQ
1621,A036090,위지트,KOSDAQ
1622,A136540,윈스,KOSDAQ
1623,A320000,윈텍,KOSDAQ
1624,A097800,윈팩,KOSDAQ
1625,A192390,윈하이텍,KOSDAQ
1626,A313760,윌링스,KOSDAQ
1627,A008600,윌비스,KOSPI
1628,A900340,윙입푸드,KOSDAQ
1629,A033270,유나이티드제약,KOSPI
1630,A014830,유니드,KOSPI
1631,A036200,유니셈,KOSDAQ
1632,A018000,유니슨,KOSDAQ
1633,A000910,유니온,KOSPI
1634,A047400,유니온머티리얼,KOSPI
1635,A203450,유니온커뮤니티,KOSDAQ
1636,A011330,유니켐,KOSPI
1637,A077500,유니퀘스트,KOSPI
1638,A011320,유니크,KOSDAQ
1639,A086390,유니테스트,KOSDAQ
1640,A241690,유니테크노,KOSDAQ
1641,A142210,유니트론텍,KOSDAQ
1642,A121060,유니포인트,KONEX
1643,A048430,유라테크,KOSDAQ
1644,A206650,유바이오로직스,KOSDAQ
1645,A089850,유비벨록스,KOSDAQ
1646,A084440,유비온,KONEX
1647,A032620,유비케어,KOSDAQ
1648,A264450,유비쿼스,KOSDAQ
1649,A078070,유비쿼스홀딩스,KOSDAQ
1650,A002920,유성기업,KOSPI
1651,A024800,유성티엔에스,KOSDAQ
1652,A000700,유수홀딩스,KOSPI
1653,A054930,유신,KOSDAQ
1654,A069330,유아이디,KOSDAQ
1655,A049520,유아이엘,KOSDAQ
1656,A287410,유안타제3호스팩,KOSDAQ
1657,A313750,유안타제4호스팩,KOSDAQ
1658,A336060,유안타제5호스팩,KOSDAQ
1659,A340360,유안타제6호스팩,KOSDAQ
1660,A367460,유안타제7호스팩,KOSDAQ
1661,A003470,유안타증권,KOSPI
1662,A003475,유안타증권우,KOSPI
1663,A056090,유앤아이,KOSDAQ
1664,A011690,유양디앤유,KOSPI
1665,A263770,유에스티,KOSDAQ
1666,A337840,유엑스엔,KONEX
1667,A072130,유엔젤,KOSPI
1668,A000220,유유제약,KOSPI
1669,A000225,유유제약1우,KOSPI
1670,A000227,유유제약2우B,KOSPI
1671,A023410,유진기업,KOSDAQ
1672,A056080,유진로봇,KOSDAQ
1673,A321260,유진스팩4호,KOSDAQ
1674,A331380,유진스팩5호,KOSDAQ
1675,A084370,유진테크,KOSDAQ
1676,A001200,유진투자증권,KOSPI
1677,A178780,유테크,KOSDAQ
1678,A221800,유투바이오,KONEX
1679,A179900,유티아이,KOSDAQ
1680,A263050,유틸렉스,KOSDAQ
1681,A000100,유한양행,KOSPI
1682,A000105,유한양행우,KOSPI
1683,A003460,유화증권,KOSPI
1684,A003465,유화증권우,KOSPI
1685,A191410,육일씨엔에쓰,KOSDAQ
1686,A008730,율촌화학,KOSPI
1687,A072770,율호,KOSDAQ
1688,A008250,이건산업,KOSPI
1689,A039020,이건홀딩스,KOSDAQ
1690,A025820,이구산업,KOSPI
1691,A060230,이그잭스,KOSDAQ
1692,A067920,이글루시큐리티,KOSDAQ
1693,A044960,이글벳,KOSDAQ
1694,A302430,이노메트리,KOSDAQ
1695,A279060,이노벡스,KONEX
1696,A214320,이노션,KOSPI
1697,A073490,이노와이어리스,KOSDAQ
1698,A086250,이노와이즈,KOSDAQ
1699,A215790,이노인스트루먼트,KOSDAQ
1700,A344860,이노진,KONEX
1701,A246960,이노테라피,KOSDAQ
1702,A088390,이녹스,KOSDAQ
1703,A272290,이녹스첨단소재,KOSDAQ
1704,A053350,이니텍,KOSDAQ
1705,A258610,이더블유케이,KOSDAQ
1706,A336040,이도바이오,KONEX
1707,A215090,이디티,KOSDAQ
1708,A041520,이라이콤,KOSDAQ
1709,A264850,이랜시스,KOSDAQ
1710,A054210,이랜텍,KOSDAQ
1711,A164060,이루다,KOSDAQ
1712,A065440,이루온,KOSDAQ
1713,A088260,이리츠코크렙,KOSPI
1714,A139480,이마트,KOSPI
1715,A036260,이매진아시아,KOSDAQ
1716,A115610,이미지스,KOSDAQ
1717,A349720,이베스트스팩5호,KOSDAQ
1718,A323210,이베스트이안스팩1호,KOSDAQ
1719,A078020,이베스트투자증권,KOSDAQ
1720,A208850,이비테크,KONEX
1721,A080010,이상네트웍스,KOSDAQ
1722,A086890,이수앱지스,KOSDAQ
1723,A007660,이수페타시스,KOSPI
1724,A005950,이수화학,KOSPI
1725,A015020,이스타코,KOSPI
1726,A047560,이스트소프트,KOSDAQ
1727,A900110,이스트아시아홀딩스,KOSDAQ
1728,A270020,이십일스토어,KONEX
1729,A067010,이씨에스,KOSDAQ
1730,A093230,이아이디,KOSPI
1731,A341310,이앤에치,KONEX
1732,A241510,이에스산업,KONEX
1733,A052190,이에스에이,KOSDAQ
1734,A226360,이엑스티,KOSDAQ
1735,A101360,이엔드디,KOSDAQ
1736,A102710,이엔에프테크놀로지,KOSDAQ
1737,A074610,이엔플러스,KOSPI
1738,A063760,이엘피,KOSDAQ
1739,A087730,이엠네트웍스,KOSDAQ
1740,A123570,이엠넷,KOSDAQ
1741,A083470,이엠앤아이,KOSDAQ
1742,A095190,이엠코리아,KOSDAQ
1743,A091120,이엠텍,KOSDAQ
1744,A232530,이엠티,KONEX
1745,A102460,이연제약,KOSPI
1746,A039030,이오테크닉스,KOSDAQ
1747,A294090,이오플로우,KOSDAQ
1748,A088290,이원컴포텍,KOSDAQ
1749,A084680,이월드,KOSPI
1750,A181340,이즈미디어,KOSDAQ
1751,A353810,이지바이오,KOSDAQ
1752,A350520,이지스레지던스리츠,KOSPI
1753,A334890,이지스밸류리츠,KOSPI
1754,A090850,이지웰,KOSDAQ
1755,A099750,이지케어텍,KOSDAQ
1756,A035810,이지홀딩스,KOSDAQ
1757,A160600,이큐셀,KOSDAQ
1758,A092130,이크레더블,KOSDAQ
1759,A096040,이트론,KOSDAQ
1760,A134060,이퓨쳐,KOSDAQ
1761,A001840,이화공영,KOSDAQ
1762,A000760,이화산업,KOSPI
1763,A024810,이화전기,KOSDAQ
1764,A014990,인디에프,KOSPI
1765,A041830,인바디,KOSDAQ
1766,A352940,인바이오,KOSDAQ
1767,A101140,인바이오젠,KOSPI
1768,A079950,인베니아,KOSDAQ
1769,A277410,인산가,KOSDAQ
1770,A060150,인선이엔티,KOSDAQ
1771,A033230,인성정보,KOSDAQ
1772,A006490,인스코비,KOSPI
1773,A037330,인지디스플레,KOSDAQ
1774,A023800,인지컨트롤스,KOSPI
1775,A034590,인천도시가스,KOSPI
1776,A211050,인카금융서비스,KONEX
1777,A083640,인콘,KOSDAQ
1778,A216050,인크로스,KOSDAQ
1779,A049070,인탑스,KOSDAQ
1780,A119610,인터로조,KOSDAQ
1781,A017250,인터엠,KOSDAQ
1782,A129260,인터지스,KOSPI
1783,A240340,인터코스,KONEX
1784,A035080,인터파크,KOSDAQ
1785,A051370,인터플렉스,KOSDAQ
1786,A064290,인텍플러스,KOSDAQ
1787,A189300,인텔리안테크,KOSDAQ
1788,A150840,인트로메딕,KOSDAQ
1789,A048530,인트론바이오,KOSDAQ
1790,A023810,인팩,KOSPI
1791,A175140,인포마크,KOSDAQ
1792,A115310,인포바인,KOSDAQ
1793,A039290,인포뱅크,KOSDAQ
1794,A041020,인프라웨어,KOSDAQ
1795,A071200,인피니트헬스케어,KOSDAQ
1796,A101930,인화정공,KOSDAQ
1797,A249420,일동제약,KOSPI
1798,A000230,일동홀딩스,KOSPI
1799,A013360,일성건설,KOSPI
1800,A003120,일성신약,KOSPI
1801,A068330,일신바이오,KOSDAQ
1802,A003200,일신방직,KOSPI
1803,A007110,일신석재,KOSPI
1804,A058450,일야,KOSDAQ
1805,A007570,일양약품,KOSPI
1806,A007575,일양약품우,KOSPI
1807,A008500,일정실업,KOSPI
1808,A019540,일지테크,KOSDAQ
1809,A081000,일진다이아,KOSPI
1810,A020760,일진디스플,KOSPI
1811,A020150,일진머티리얼즈,KOSPI
1812,A103590,일진전기,KOSPI
1813,A094820,일진파워,KOSDAQ
1814,A015860,일진홀딩스,KOSPI
1815,A226320,잇츠한불,KOSPI
1816,A950140,잉글우드랩,KOSDAQ
1817,A049550,잉크테크,KOSDAQ
1818,A254120,자비스,KOSDAQ
1819,A221610,자안,KOSDAQ
1820,A043910,자연과환경,KOSDAQ
1821,A234920,자이글,KOSDAQ
1822,A317400,자이에스앤디,KOSPI
1823,A033240,자화전자,KOSPI
1824,A174880,장원테크,KOSDAQ
1825,A049630,재영솔루텍,KOSDAQ
1826,A000950,전방,KOSPI
1827,A120780,전우정밀,KONEX
1828,A110020,전진바이오팜,KOSDAQ
1829,A065530,전파기지국,KOSDAQ
1830,A208140,정다운,KOSDAQ
1831,A022220,정산애강,KOSDAQ
1832,A040420,정상제이엘에스,KOSDAQ
1833,A045510,정원엔시스,KOSDAQ
1834,A065620,제낙스,KOSDAQ
1835,A217190,제너셈,KOSDAQ
1836,A095700,제넥신,KOSDAQ
1837,A072520,제넨바이오,KOSDAQ
1838,A122310,제노레이,KOSDAQ
1839,A066830,제노텍,KONEX
1840,A187420,제노포커스,KOSDAQ
1841,A225220,제놀루션,KOSDAQ
1842,A123330,제닉,KOSDAQ
1843,A159580,제로투세븐,KOSDAQ
1844,A147830,제룡산업,KOSDAQ
1845,A033100,제룡전기,KOSDAQ
1846,A079370,제우스,KOSDAQ
1847,A054950,제이브이엠,KOSDAQ
1848,A090470,제이스텍,KOSDAQ
1849,A137950,제이씨케미칼,KOSDAQ
1850,A033320,제이씨현시스템,KOSDAQ
1851,A348950,제이알글로벌리츠,KOSPI
1852,A204270,제이앤티씨,KOSDAQ
1853,A194370,제이에스코퍼레이션,KOSPI
1854,A026040,제이에스티나,KOSDAQ
1855,A126880,제이엔케이히터,KOSDAQ
1856,A322510,제이엘케이,KOSDAQ
1857,A033050,제이엠아이,KOSDAQ
1858,A094970,제이엠티,KOSDAQ
1859,A058420,제이웨이,KOSDAQ
1860,A025620,제이준코스메틱,KOSPI
1861,A036420,제이콘텐트리,KOSPI
1862,A089790,제이티,KOSDAQ
1863,A030000,제일기획,KOSPI
1864,A052670,제일바이오,KOSDAQ
1865,A271980,제일약품,KOSPI
1866,A001560,제일연마,KOSPI
1867,A199820,제일전기공업,KOSDAQ
1868,A023440,제일제강,KOSDAQ
1869,A038010,제일테크노스,KOSDAQ
1870,A002620,제일파마홀딩스,KOSPI
1871,A080220,제주반도체,KOSDAQ
1872,A006220,제주은행,KOSPI
1873,A089590,제주항공,KOSPI
1874,A216080,제테마,KOSDAQ
1875,A229000,젠큐릭스,KOSDAQ
1876,A082270,젬백스,KOSDAQ
1877,A064800,젬백스링크,KOSDAQ
1878,A041590,젬백스지오,KOSDAQ
1879,A044060,조광ILI,KOSDAQ
1880,A004910,조광페인트,KOSPI
1881,A004700,조광피혁,KOSPI
1882,A001550,조비,KOSPI
1883,A000480,조선내화,KOSPI
1884,A120030,조선선재,KOSPI
1885,A034940,조아제약,KOSDAQ
1886,A101730,조이맥스,KOSDAQ
1887,A067000,조이시티,KOSDAQ
1888,A018470,조일알미늄,KOSPI
1889,A002600,조흥,KOSPI
1890,A185750,종근당,KOSPI
1891,A063160,종근당바이오,KOSPI
1892,A001630,종근당홀딩스,KOSPI
1893,A033340,좋은사람들,KOSDAQ
1894,A036930,주성엔지니어링,KOSDAQ
1895,A044380,주연테크,KOSPI
1896,A239340,줌인터넷,KOSDAQ
1897,A072020,중앙백신,KOSDAQ
1898,A000440,중앙에너비스,KOSDAQ
1899,A228760,지노믹트리,KOSDAQ
1900,A314130,지놈앤컴퍼니,KOSDAQ
1901,A013890,지누스,KOSPI
1902,A043610,지니뮤직,KOSDAQ
1903,A263860,지니언스,KOSDAQ
1904,A303030,지니틱스,KOSDAQ
1905,A208350,지란지교시큐리티,KOSDAQ
1906,A114570,지스마트글로벌,KOSDAQ
1907,A299480,지앤이헬스케어,KONEX
1908,A051160,지어소프트,KOSDAQ
1909,A053050,지에스이,KOSDAQ
1910,A119850,지엔씨에너지,KOSDAQ
1911,A270520,지엔원에너지,KOSDAQ
1912,A065060,지엔코,KOSDAQ
1913,A204840,지엘팜텍,KOSDAQ
1914,A013870,지엠비코리아,KOSPI
1915,A071320,지역난방공사,KOSPI
1916,A135160,지오씨,KONEX
1917,A111820,지와이커머스,KOSDAQ
1918,A010580,지코,KOSPI
1919,A035000,지투알,KOSPI
1920,A115450,지트리비앤티,KOSDAQ
1921,A219750,지티지웰니스,KOSDAQ
1922,A088790,진도,KOSPI
1923,A018120,진로발효,KOSDAQ
1924,A109820,진매트릭스,KOSDAQ
1925,A086060,진바이오텍,KOSDAQ
1926,A036890,진성티이씨,KOSDAQ
1927,A003780,진양산업,KOSPI
1928,A007370,진양제약,KOSDAQ
1929,A010640,진양폴리,KOSPI
1930,A100250,진양홀딩스,KOSPI
1931,A051630,진양화학,KOSPI
1932,A272450,진에어,KOSPI
1933,A011000,진원생명과학,KOSPI
1934,A250030,진코스텍,KONEX
1935,A002780,진흥기업,KOSPI
1936,A002787,진흥기업2우B,KOSPI
1937,A002785,진흥기업우B,KOSPI
1938,A233990,질경이,KONEX
1939,A085660,차바이오텍,KOSDAQ
1940,A009310,참엔지니어링,KOSPI
1941,A094850,참좋은여행,KOSDAQ
1942,A004650,창해에탄올,KOSDAQ
1943,A311690,천랩,KOSDAQ
1944,A278280,천보,KOSDAQ
1945,A000650,천일고속,KOSPI
1946,A140290,청광건설,KONEX
1947,A096240,청담러닝,KOSDAQ
1948,A013720,청보산업,KOSDAQ
1949,A066360,체리부로,KOSDAQ
1950,A033250,체시스,KOSPI
1951,A047820,초록뱀,KOSDAQ
1952,A094360,칩스앤미디어,KOSDAQ
1953,A016920,카스,KOSDAQ
1954,A284620,카이노스메드,KOSDAQ
1955,A035720,카카오,KOSPI
1956,A293490,카카오게임즈,KOSDAQ
1957,A042000,카페24,KOSDAQ
1958,A006380,카프로,KOSPI
1959,A317530,캐리소프트,KOSDAQ
1960,A071850,캐스텍코리아,KOSDAQ
1961,A180400,캔서롭,KOSDAQ
1962,A050110,캠시스,KOSDAQ
1963,A109070,컨버즈,KOSPI
1964,A900310,컬러레이,KOSDAQ
1965,A078340,컴투스,KOSDAQ
1966,A307930,컴퍼니케이,KOSDAQ
1967,A263700,케어랩스,KOSDAQ
1968,A327970,케어룸의료산업,KONEX
1969,A214370,케어젠,KOSDAQ
1970,A221980,케이디켐,KOSDAQ
1971,A043290,케이맥,KOSDAQ
1972,A317030,케이비17호스팩,KOSDAQ
1973,A001620,케이비아이동국실업,KOSPI
1974,A323940,케이비제18호스팩,KOSDAQ
1975,A330990,케이비제19호스팩,KOSDAQ
1976,A342550,케이비제20호스팩,KOSDAQ
1977,A192250,케이사인,KOSDAQ
1978,A029460,케이씨,KOSPI
1979,A344820,케이씨씨글라스,KOSPI
1980,A115500,케이씨에스,KOSDAQ
1981,A281820,케이씨텍,KOSPI
1982,A089150,케이씨티,KOSDAQ
1983,A025880,케이씨피드,KOSDAQ
1984,A093320,케이아이엔엑스,KOSDAQ
1985,A073010,케이에스피,KOSDAQ
1986,A105330,케이엔더블유,KOSDAQ
1987,A272110,케이엔제이,KOSDAQ
1988,A039420,케이엘넷,KOSDAQ
1989,A083550,케이엠,KOSDAQ
1990,A032500,케이엠더블유,KOSDAQ
1991,A225430,케이엠제약,KOSDAQ
1992,A145270,케이탑리츠,KOSPI
1993,A064820,케이프,KOSDAQ
1994,A347140,케이프이에스제4호,KOSDAQ
1995,A256940,케이피에스,KOSDAQ
1996,A024880,케이피에프,KOSDAQ
1997,A042040,케이피엠테크,KOSDAQ
1998,A054410,케이피티유,KOSDAQ
1999,A274090,켄코아에어로스페이스,KOSDAQ
2000,A217600,켐온,KOSDAQ
2001,A089010,켐트로닉스,KOSDAQ
2002,A220260,켐트로스,KOSDAQ
2003,A052400,코나아이,KOSDAQ
2004,A033110,코너스톤네트웍스,KOSDAQ
2005,A094860,코닉글로리,KOSDAQ
2006,A046070,코다코,KOSDAQ
2007,A047770,코데즈컴바인,KOSDAQ
2008,A078940,코드네이처,KOSDAQ
2009,A080530,코디,KOSDAQ
2010,A224060,코디엠,KOSDAQ
2011,A357120,코람코에너지리츠,KOSPI
2012,A078650,코렌,KOSDAQ
2013,A104540,코렌텍,KOSDAQ
2014,A027050,코리아나,KOSDAQ
2015,A290510,코리아센터,KOSDAQ
2016,A007815,코리아써우,KOSPI
2017,A007810,코리아써키트,KOSPI
2018,A00781K,코리아써키트2우B,KOSPI
2019,A190650,코리아에셋투자증권,KOSDAQ
2020,A101670,코리아에스이,KOSDAQ
2021,A123410,코리아에프티,KOSDAQ
2022,A003690,코리안리,KOSPI
2023,A036690,코맥스,KOSDAQ
2024,A049430,코메론,KOSDAQ
2025,A183300,코미코,KOSDAQ
2026,A041960,코미팜,KOSDAQ
2027,A089890,코세스,KOSDAQ
2028,A009730,코센,KOSDAQ
2029,A189350,코셋,KONEX
2030,A082660,코스나인,KOSDAQ
2031,A192820,코스맥스,KOSPI
2032,A044820,코스맥스비티아이,KOSPI
2033,A222040,코스맥스엔비티,KOSDAQ
2034,A241710,코스메카코리아,KOSDAQ
2035,A005070,코스모신소재,KOSPI
2036,A005420,코스모화학,KOSPI
2037,A069110,코스온,KOSDAQ
2038,A071950,코아스,KOSPI
2039,A166480,코아스템,KOSDAQ
2040,A045970,코아시아,KOSDAQ
2041,A029960,코엔텍,KOSDAQ
2042,A002020,코오롱,KOSPI
2043,A003070,코오롱글로벌,KOSPI
2044,A003075,코오롱글로벌우,KOSPI
2045,A144620,코오롱머티리얼,KOSPI
2046,A102940,코오롱생명과학,KOSDAQ
2047,A002025,코오롱우,KOSPI
2048,A120110,코오롱인더,KOSPI
2049,A120115,코오롱인더우,KOSPI
2050,A950160,코오롱티슈진,KOSDAQ
2051,A138490,코오롱플라스틱,KOSPI
2052,A021240,코웨이,KOSPI
2053,A033290,코웰패션,KOSDAQ
2054,A056360,코위버,KOSDAQ
2055,A282880,코윈테크,KOSDAQ
2056,A121850,코이즈,KOSDAQ
2057,A015710,코콤,KOSDAQ
2058,A052330,코텍,KOSDAQ
2059,A322780,코퍼스코리아,KOSDAQ
2060,A126600,코프라,KOSDAQ
2061,A200130,콜마비앤에이치,KOSDAQ
2062,A031820,콤텍시스템,KOSPI
2063,A192400,쿠쿠홀딩스,KOSPI
2064,A284740,쿠쿠홈시스,KOSPI
2065,A317690,퀀타매트릭스,KOSDAQ
2066,A060280,큐렉소,KOSDAQ
2067,A015590,큐로,KOSPI
2068,A040350,큐로컴,KOSDAQ
2069,A051780,큐로홀딩스,KOSDAQ
2070,A115180,큐리언트,KOSDAQ
2071,A043090,큐브앤컴퍼니,KOSDAQ
2072,A182360,큐브엔터,KOSDAQ
2073,A066310,큐에스아이,KOSDAQ
2074,A136660,큐엠씨,KONEX
2075,A016600,큐캐피탈,KOSDAQ
2076,A264900,크라운제과,KOSPI
2077,A26490K,크라운제과우,KOSPI
2078,A005740,크라운해태홀딩스,KOSPI
2079,A005745,크라운해태홀딩스우,KOSPI
2080,A215570,크로넥스,KONEX
2081,A043590,크로바하이텍,KOSDAQ
2082,A114120,크루셜텍,KOSDAQ
2083,A110790,크리스에프앤씨,KOSDAQ
2084,A900250,크리스탈신소재,KOSDAQ
2085,A083790,크리스탈지노믹스,KOSDAQ
2086,A045520,크린앤사이언스,KOSDAQ
2087,A214150,클래시스,KOSDAQ
2088,A352770,클리노믹스,KOSDAQ
2089,A237880,클리오,KOSDAQ
2090,A139670,키네마스터,KOSDAQ
2091,A020120,키다리스튜디오,KOSPI
2092,A311270,키움제5호스팩,KOSDAQ
2093,A039490,키움증권,KOSPI
2094,A012170,키위미디어그룹,KOSPI
2095,A054780,키이스트,KOSDAQ
2096,A219130,타이거일렉,KOSDAQ
2097,A180060,탑선,KONEX
2098,A065130,탑엔지니어링,KOSDAQ
2099,A014580,태경비케이,KOSPI
2100,A015890,태경산업,KOSPI
2101,A006890,태경케미컬,KOSPI
2102,A023160,태광,KOSDAQ
2103,A003240,태광산업,KOSPI
2104,A011280,태림포장,KOSPI
2105,A053620,태양,KOSDAQ
2106,A004100,태양금속,KOSPI
2107,A004105,태양금속우,KOSPI
2108,A116100,태양기계,KONEX
2109,A009410,태영건설,KOSPI
2110,A009415,태영건설우,KOSPI
2111,A044490,태웅,KOSDAQ
2112,A124560,태웅로직스,KOSDAQ
2113,A001420,태원물산,KOSPI
2114,A007980,태평양물산,KOSPI
2115,A191420,테고사이언스,KOSDAQ
2116,A073640,테라사이언스,KOSDAQ
2117,A182690,테라셈,KOSDAQ
2118,A066700,테라젠이텍스,KOSDAQ
2119,A095610,테스,KOSDAQ
2120,A131970,테스나,KOSDAQ
2121,A055490,테이팩스,KOSPI
2122,A308700,테크엔,KONEX
2123,A089030,테크윙,KOSDAQ
2124,A258050,테크트랜스,KONEX
2125,A054450,텔레칩스,KOSDAQ
2126,A091440,텔레필드,KOSDAQ
2127,A078000,텔코웨어,KOSPI
2128,A200230,텔콘RF제약,KOSDAQ
2129,A214420,토니모리,KOSPI
2130,A215480,토박스코리아,KOSDAQ
2131,A051360,토비스,KOSDAQ
2132,A045340,토탈소프트,KOSDAQ
2133,A108230,톱텍,KOSDAQ
2134,A079970,투비소프트,KOSDAQ
2135,A199800,툴젠,KONEX
2136,A105550,트루윈,KOSDAQ
2137,A026150,특수건설,KOSDAQ
2138,A322180,티라유텍,KOSDAQ
2139,A117730,티로보틱스,KOSDAQ
2140,A033830,티비씨,KOSDAQ
2141,A057680,티사이언티픽,KOSDAQ
2142,A064760,티씨케이,KOSDAQ
2143,A246710,티앤알바이오팹,KOSDAQ
2144,A340570,티앤엘,KOSDAQ
2145,A277880,티에스아이,KOSDAQ
2146,A131290,티에스이,KOSDAQ
2147,A019180,티에이치엔,KOSPI
2148,A356860,티엘비,KOSDAQ
2149,A062860,티엘아이,KOSDAQ
2150,A363280,티와이홀딩스,KOSPI
2151,A36328K,티와이홀딩스우,KOSPI
2152,A321550,티움바이오,KOSDAQ
2153,A091810,티웨이항공,KOSPI
2154,A004870,티웨이홀딩스,KOSPI
2155,A191600,티케이씨,KONEX
2156,A104480,티케이케미칼,KOSDAQ
2157,A309900,티티씨디펜스,KONEX
2158,A081150,티플랙스,KOSDAQ
2159,A130740,티피씨글로벌,KOSDAQ
2160,A217880,틸론,KONEX
2161,A084730,팅크웨어,KOSDAQ
2162,A046210,파나진,KOSDAQ
2163,A034230,파라다이스,KOSDAQ
2164,A033540,파라텍,KOSDAQ
2165,A043200,파루,KOSDAQ
2166,A217950,파마리서치바이오,KONEX
2167,A214450,파마리서치프로덕트,KOSDAQ
2168,A208340,파멥신,KOSDAQ
2169,A005690,파미셀,KOSPI
2170,A177830,파버나인,KOSDAQ
2171,A037070,파세코,KOSDAQ
2172,A150900,파수,KOSDAQ
2173,A037030,파워넷,KOSDAQ
2174,A047310,파워로직스,KOSDAQ
2175,A266870,파워풀엑스,KONEX
2176,A170790,파이오링크,KOSDAQ
2177,A049120,파인디앤씨,KOSDAQ
2178,A038950,파인디지털,KOSDAQ
2179,A278990,파인이엠텍,KONEX
2180,A106240,파인테크닉스,KOSDAQ
2181,A131760,파인텍,KOSDAQ
2182,A065690,파커스,KOSDAQ
2183,A140860,파크시스템스,KOSDAQ
2184,A091700,파트론,KOSDAQ
2185,A038160,팍스넷,KOSDAQ
2186,A202960,판도라티비,KONEX
2187,A032800,판타지오,KOSDAQ
2188,A318010,팜스빌,KOSDAQ
2189,A036580,팜스코,KOSPI
2190,A027710,팜스토리,KOSDAQ
2191,A225590,패션플랫폼,KOSDAQ
2192,A054300,팬스타엔터프라이즈,KOSDAQ
2193,A068050,팬엔터테인먼트,KOSDAQ
2194,A028670,팬오션,KOSPI
2195,A222110,팬젠,KOSDAQ
2196,A010820,퍼스텍,KOSPI
2197,A016800,퍼시스,KOSPI
2198,A263750,펄어비스,KOSDAQ
2199,A251970,펌텍코리아,KOSDAQ
2200,A001020,페이퍼코리아,KOSPI
2201,A327610,펨토바이오메드,KONEX
2202,A087010,펩트론,KOSDAQ
2203,A090080,평화산업,KOSPI
2204,A043370,평화정공,KOSDAQ
2205,A010770,평화홀딩스,KOSPI
2206,A119500,포메탈,KOSDAQ
2207,A016670,포비스티앤씨,KOSDAQ
2208,A056730,포스링크,KOSDAQ
2209,A022100,포스코 ICT,KOSDAQ
2210,A058430,포스코강판,KOSPI
2211,A009520,포스코엠텍,KOSDAQ
2212,A047050,포스코인터내셔널,KOSPI
2213,A003670,포스코케미칼,KOSPI
2214,A189690,포시에스,KOSDAQ
2215,A318020,포인트모바일,KOSDAQ
2216,A256630,포인트엔지니어링,KOSDAQ
2217,A141020,포티스,KOSDAQ
2218,A354230,폭스소프트,KONEX
2219,A007630,폴루스바이오팜,KOSPI
2220,A290720,푸드나무,KOSDAQ
2221,A005670,푸드웰,KOSDAQ
2222,A094940,푸른기술,KOSDAQ
2223,A007330,푸른저축은행,KOSDAQ
2224,A017810,풀무원,KOSPI
2225,A093380,풍강,KOSDAQ
2226,A023900,풍국주정,KOSDAQ
2227,A103140,풍산,KOSPI
2228,A005810,풍산홀딩스,KOSPI
2229,A195440,퓨전,KOSDAQ
2230,A214270,퓨쳐스트림네트웍스,KOSDAQ
2231,A220100,퓨쳐켐,KOSDAQ
2232,A035200,프럼파스트,KOSDAQ
2233,A203690,프로스테믹스,KOSDAQ
2234,A303360,프로테옴텍,KONEX
2235,A053610,프로텍,KOSDAQ
2236,A335810,프리시젼바이오,KOSDAQ
2237,A053160,프리엠스,KOSDAQ
2238,A075130,플랜티넷,KOSDAQ
2239,A222670,플럼라인생명과학,KONEX
2240,A237820,플레이디,KOSDAQ
2241,A023770,플레이위드,KOSDAQ
2242,A300080,플리토,KOSDAQ
2243,A150440,피노텍,KONEX
2244,A032580,피델릭스,KOSDAQ
2245,A051380,피씨디렉트,KOSDAQ
2246,A241820,피씨엘,KOSDAQ
2247,A237750,피앤씨테크,KOSDAQ
2248,A131390,피앤이솔루션,KOSDAQ
2249,A024850,피에스엠씨,KOSDAQ
2250,A319660,피에스케이,KOSDAQ
2251,A031980,피에스케이홀딩스,KOSDAQ
2252,A002230,피에스텍,KOSDAQ
2253,A242350,피엔아이컴퍼니,KONEX
2254,A239890,피엔에이치테크,KONEX
2255,A347740,피엔케이피부임상연구센타,KOSDAQ
2256,A137400,피엔티,KOSDAQ
2257,A128660,피제이메탈,KOSDAQ
2258,A006140,피제이전자,KOSDAQ
2259,A304840,피플바이오,KOSDAQ
2260,A062970,피피아이,KOSDAQ
2261,A087600,픽셀플러스,KOSDAQ
2262,A057880,필로시스헬스케어,KOSDAQ
2263,A033180,필룩스,KOSPI
2264,A161580,필옵틱스,KOSDAQ
2265,A347770,핌스,KOSDAQ
2266,A332710,하나금융14호스팩,KOSDAQ
2267,A341160,하나금융15호스팩,KOSDAQ
2268,A343510,하나금융16호스팩,KOSDAQ
2269,A086790,하나금융지주,KOSPI
2270,A299030,하나기술,KOSDAQ
2271,A067310,하나마이크론,KOSDAQ
2272,A307160,하나머스트제6호스팩,KOSDAQ
2273,A166090,하나머티리얼즈,KOSDAQ
2274,A293480,하나제약,KOSPI
2275,A039130,하나투어,KOSPI
2276,A136480,하림,KOSDAQ
2277,A003380,하림지주,KOSDAQ
2278,A172580,하이골드12호,KOSPI
2279,A153360,하이골드3호,KOSPI
2280,A149980,하이로닉,KOSDAQ
2281,A013030,하이록코리아,KOSDAQ
2282,A126700,하이비젼시스템,KOSDAQ
2283,A106080,하이소닉,KOSDAQ
2284,A071090,하이스틸,KOSPI
2285,A340120,하이제5호스팩,KOSDAQ
2286,A221840,하이즈항공,KOSDAQ
2287,A106190,하이텍팜,KOSDAQ
2288,A019490,하이트론,KOSPI
2289,A000080,하이트진로,KOSPI
2290,A000087,하이트진로2우B,KOSPI
2291,A000140,하이트진로홀딩스,KOSPI
2292,A000145,하이트진로홀딩스우,KOSPI
2293,A066130,하츠,KOSDAQ
2294,A152550,한국ANKOR유전,KOSPI
2295,A004590,한국가구,KOSDAQ
2296,A036460,한국가스공사,KOSPI
2297,A039340,한국경제TV,KOSDAQ
2298,A005430,한국공항,KOSPI
2299,A071050,한국금융지주,KOSPI
2300,A071055,한국금융지주우,KOSPI
2301,A034950,한국기업평가,KOSDAQ
2302,A010040,한국내화,KOSPI
2303,A025540,한국단자,KOSPI
2304,A222980,한국맥널티,KOSDAQ
2305,A331660,한국미라클피플사,KONEX
2306,A318000,한국바이오젠,KOSDAQ
2307,A256840,한국비엔씨,KOSDAQ
2308,A004090,한국석유,KOSPI
2309,A025550,한국선재,KOSDAQ
2310,A002200,한국수출포장,KOSPI
2311,A002960,한국쉘석유,KOSPI
2312,A023890,한국아트라스비엑스,KOSDAQ
2313,A017890,한국알콜,KOSDAQ
2314,A080720,한국유니온제약,KOSDAQ
2315,A123890,한국자산신탁,KOSPI
2316,A015760,한국전력,KOSPI
2317,A063570,한국전자금융,KOSDAQ
2318,A041460,한국전자인증,KOSDAQ
2319,A006200,한국전자홀딩스,KOSPI
2320,A101680,한국정밀기계,KOSDAQ
2321,A039740,한국정보공학,KOSDAQ
2322,A053300,한국정보인증,KOSDAQ
2323,A025770,한국정보통신,KOSDAQ
2324,A291210,한국제7호스팩,KOSDAQ
2325,A310870,한국제8호스팩,KOSDAQ
2326,A009540,한국조선해양,KOSPI
2327,A023350,한국종합기술,KOSPI
2328,A025890,한국주강,KOSPI
2329,A000970,한국주철관,KOSPI
2330,A104700,한국철강,KOSPI
2331,A017960,한국카본,KOSPI
2332,A023760,한국캐피탈,KOSDAQ
2333,A054040,한국컴퓨터,KOSDAQ
2334,A050540,한국코퍼레이션,KOSDAQ
2335,A161890,한국콜마,KOSPI
2336,A024720,한국콜마홀딩스,KOSPI
2337,A021650,한국큐빅,KOSDAQ
2338,A161390,한국타이어앤테크놀로지,KOSPI
2339,A053590,한국테크놀로지,KOSDAQ
2340,A000240,한국테크놀로지그룹,KOSPI
2341,A034830,한국토지신탁,KOSPI
2342,A007280,한국특수형강,KOSPI
2343,A032300,한국파마,KOSDAQ
2344,A168490,한국패러랠,KOSPI
2345,A037230,한국팩키지,KOSDAQ
2346,A010100,한국프랜지,KOSPI
2347,A047810,한국항공우주,KOSPI
2348,A123690,한국화장품,KOSPI
2349,A003350,한국화장품제조,KOSPI
2350,A030520,한글과컴퓨터,KOSDAQ
2351,A052600,한네트,KOSDAQ
2352,A011500,한농화성,KOSPI
2353,A002390,한독,KOSPI
2354,A256150,한독크린텍,KOSDAQ
2355,A014790,한라,KOSPI
2356,A092460,한라IMS,KOSDAQ
2357,A060980,한라홀딩스,KOSPI
2358,A039670,한류타임즈,KOSDAQ
2359,A053690,한미글로벌,KOSPI
2360,A042700,한미반도체,KOSPI
2361,A008930,한미사이언스,KOSPI
2362,A128940,한미약품,KOSPI
2363,A047080,한빛소프트,KOSDAQ
2364,A009240,한샘,KOSPI
2365,A020000,한섬,KOSPI
2366,A003680,한성기업,KOSPI
2367,A105630,한세실업,KOSPI
2368,A069640,한세엠케이,KOSPI
2369,A016450,한세예스24홀딩스,KOSPI
2370,A010420,한솔PNS,KOSPI
2371,A009180,한솔로지스틱스,KOSPI
2372,A070590,한솔인티큐브,KOSDAQ
2373,A213500,한솔제지,KOSPI
2374,A014680,한솔케미칼,KOSPI
2375,A004710,한솔테크닉스,KOSPI
2376,A004150,한솔홀딩스,KOSPI
2377,A025750,한솔홈데코,KOSPI
2378,A226440,한송네오텍,KOSDAQ
2379,A042520,한스바이오메드,KOSDAQ
2380,A004960,한신공영,KOSPI
2381,A011700,한신기계,KOSPI
2382,A078350,한양디지텍,KOSDAQ
2383,A045100,한양이엔지,KOSDAQ
2384,A001750,한양증권,KOSPI
2385,A001755,한양증권우,KOSPI
2386,A018880,한온시스템,KOSPI
2387,A009420,한올바이오파마,KOSPI
2388,A014130,한익스프레스,KOSPI
2389,A046110,한일네트웍스,KOSDAQ
2390,A024740,한일단조,KOSDAQ
2391,A005860,한일사료,KOSDAQ
2392,A300720,한일시멘트,KOSPI
2393,A123840,한일진공,KOSDAQ
2394,A002220,한일철강,KOSPI
2395,A006390,한일현대시멘트,KOSPI
2396,A003300,한일홀딩스,KOSPI
2397,A007770,한일화학,KOSDAQ
2398,A051600,한전KPS,KOSPI
2399,A052690,한전기술,KOSPI
2400,A130660,한전산업,KOSPI
2401,A107640,한중엔시에스,KONEX
2402,A002320,한진,KOSPI
2403,A097230,한진중공업,KOSPI
2404,A003480,한진중공업홀딩스,KOSPI
2405,A180640,한진칼,KOSPI
2406,A18064K,한진칼우,KOSPI
2407,A005110,한창,KOSPI
2408,A079170,한창산업,KOSDAQ
2409,A009460,한창제지,KOSPI
2410,A086960,한컴MDS,KOSDAQ
2411,A054920,한컴위드,KOSDAQ
2412,A002680,한탑,KOSDAQ
2413,A066110,한프,KOSDAQ
2414,A000880,한화,KOSPI
2415,A00088K,한화3우B,KOSPI
2416,A088350,한화생명,KOSPI
2417,A000370,한화손해보험,KOSPI
2418,A009830,한화솔루션,KOSPI
2419,A009835,한화솔루션우,KOSPI
2420,A272210,한화시스템,KOSPI
2421,A317320,한화에스비아이스팩,KOSDAQ
2422,A012450,한화에어로스페이스,KOSPI
2423,A000885,한화우,KOSPI
2424,A003530,한화투자증권,KOSPI
2425,A003535,한화투자증권우,KOSPI
2426,A340440,한화플러스제1호스팩,KOSDAQ
2427,A102210,해덕파워웨이,KOSDAQ
2428,A220630,해마로푸드서비스,KOSDAQ
2429,A195870,해성디에스,KOSPI
2430,A034810,해성산업,KOSDAQ
2431,A076610,해성옵틱스,KOSDAQ
2432,A101530,해태제과식품,KOSPI
2433,A220180,핸디소프트,KOSDAQ
2434,A143210,핸즈코퍼레이션,KOSPI
2435,A008800,행남사,KOSDAQ
2436,A900270,헝셩그룹,KOSDAQ
2437,A084990,헬릭스미스,KOSDAQ
2438,A000720,현대건설,KOSPI
2439,A267270,현대건설기계,KOSPI
2440,A000725,현대건설우,KOSPI
2441,A170030,현대공업,KOSDAQ
2442,A005440,현대그린푸드,KOSPI
2443,A086280,현대글로비스,KOSPI
2444,A064350,현대로템,KOSPI
2445,A079430,현대리바트,KOSPI
2446,A012330,현대모비스,KOSPI
2447,A010620,현대미포조선,KOSPI
2448,A048410,현대바이오,KOSDAQ
2449,A052260,현대바이오랜드,KOSDAQ
2450,A069960,현대백화점,KOSPI
2451,A004560,현대비앤지스틸,KOSPI
2452,A004565,현대비앤지스틸우,KOSPI
2453,A016790,현대사료,KOSDAQ
2454,A011760,현대상사,KOSPI
2455,A004310,현대약품,KOSPI
2456,A322000,현대에너지솔루션,KOSPI
2457,A017800,현대엘리베이,KOSPI
2458,A307950,현대오토에버,KOSPI
2459,A011210,현대위아,KOSPI
2460,A267260,현대일렉트릭,KOSPI
2461,A004020,현대제철,KOSPI
2462,A267250,현대중공업지주,KOSPI
2463,A005380,현대차,KOSPI
2464,A005387,현대차2우B,KOSPI
2465,A005389,현대차3우B,KOSPI
2466,A005385,현대차우,KOSPI
2467,A001500,현대차증권,KOSPI
2468,A227840,현대코퍼레이션홀딩스,KOSPI
2469,A039010,현대통신,KOSDAQ
2470,A126560,현대퓨처넷,KOSPI
2471,A001450,현대해상,KOSPI
2472,A057050,현대홈쇼핑,KOSPI
2473,A092300,현우산업,KOSDAQ
2474,A053660,현진소재,KOSDAQ
2475,A011080,형지I&C,KOSDAQ
2476,A093240,형지엘리트,KOSPI
2477,A003010,혜인,KOSPI
2478,A111110,호전실업,KOSPI
2479,A008770,호텔신라,KOSPI
2480,A008775,호텔신라우,KOSPI
2481,A060560,홈센타홀딩스,KOSDAQ
2482,A064240,홈캐스트,KOSDAQ
2483,A039610,화성밸브,KOSDAQ
2484,A002460,화성산업,KOSPI
2485,A013520,화승알앤에이,KOSPI
2486,A241590,화승엔터프라이즈,KOSPI
2487,A006060,화승인더,KOSPI
2488,A010690,화신,KOSPI
2489,A126640,화신정공,KOSDAQ
2490,A133820,화인베스틸,KOSPI
2491,A061250,화일약품,KOSDAQ
2492,A010660,화천기계,KOSPI
2493,A000850,화천기공,KOSPI
2494,A016580,환인제약,KOSPI
2495,A032560,황금에스티,KOSPI
2496,A004800,효성,KOSPI
2497,A094280,효성ITX,KOSPI
2498,A097870,효성오앤비,KOSDAQ
2499,A298040,효성중공업,KOSPI
2500,A298050,효성첨단소재,KOSPI
2501,A298020,효성티앤씨,KOSPI
2502,A298000,효성화학,KOSPI
2503,A093370,후성,KOSPI
2504,A050090,휘닉스소재,KOSDAQ
2505,A081660,휠라홀딩스,KOSPI
2506,A290270,휴네시온,KOSDAQ
2507,A005870,휴니드,KOSPI
2508,A284420,휴럼,KONEX
2509,A090710,휴림로봇,KOSDAQ
2510,A205470,휴마시스,KOSDAQ
2511,A115160,휴맥스,KOSDAQ
2512,A028080,휴맥스홀딩스,KOSDAQ
2513,A200670,휴메딕스,KOSDAQ
2514,A212310,휴벡셀,KONEX
2515,A079980,휴비스,KOSPI
2516,A065510,휴비츠,KOSDAQ
2517,A005010,휴스틸,KOSPI
2518,A243070,휴온스,KOSDAQ
2519,A084110,휴온스글로벌,KOSDAQ
2520,A145020,휴젤,KOSDAQ
2521,A069260,휴켐스,KOSPI
2522,A024060,흥구석유,KOSDAQ
2523,A010240,흥국,KOSDAQ
2524,A189980,흥국에프엔비,KOSDAQ
2525,A000540,흥국화재,KOSPI
2526,A000547,흥국화재2우B,KOSPI
2527,A000545,흥국화재우,KOSPI
2528,A003280,흥아해운,KOSPI
2529,A037440,희림,KOSDAQ
2530,A238490,힘스,KOSDAQ
0,A152100,ARIRANG 200,ETF
1,A295820,ARIRANG 200동일가중,ETF
2,A253150,ARIRANG 200선물레버리지,ETF
3,A253160,ARIRANG 200선물인버스2X,ETF
4,A278420,ARIRANG ESG우수기업,ETF
5,A292750,ARIRANG KRX300,ETF
6,A309170,ARIRANG KRX300IT,ETF
7,A309210,ARIRANG KRX300헬스케어,ETF
8,A333940,ARIRANG KS로우볼가중TR,ETF
9,A333950,ARIRANG KS로우사이즈가중TR,ETF
10,A333960,ARIRANG KS모멘텀가중TR,ETF
11,A333970,ARIRANG KS밸류가중TR,ETF
12,A333980,ARIRANG KS퀄리티가중TR,ETF
13,A269530,ARIRANG S&P글로벌인프라,ETF
14,A251590,ARIRANG 고배당저변동50,ETF
15,A161510,ARIRANG 고배당주,ETF
16,A251600,ARIRANG 고배당주채권혼합,ETF
17,A289670,ARIRANG 국채선물10년,ETF
18,A298340,ARIRANG 국채선물3년,ETF
19,A189400,ARIRANG 글로벌MSCI(합성 H),ETF
20,A278620,ARIRANG 단기채권액티브,ETF
21,A269540,ARIRANG 미국S&P500(H),ETF
22,A287180,ARIRANG 미국나스닥기술주,ETF
23,A213630,ARIRANG 미국다우존스고배당주(합성 H),ETF
24,A332610,ARIRANG 미국단기우량회사채,ETF
25,A332620,ARIRANG 미국장기우량회사채,ETF
26,A195970,ARIRANG 선진국MSCI(합성 H),ETF
27,A238670,ARIRANG 스마트베타Quality채권혼합,ETF
28,A195980,ARIRANG 신흥국MSCI(합성 H),ETF
29,A373530,ARIRANG 신흥국MSCI인버스(합성 H),ETF
30,A256450,ARIRANG 심천차이넥스트(합성),ETF
31,A239660,ARIRANG 우량회사채50 1년,ETF
32,A280920,ARIRANG 주도업종,ETF
33,A266550,ARIRANG 중형주저변동50,ETF
34,A301400,ARIRANG 코스닥150,ETF
35,A301410,ARIRANG 코스닥150선물인버스,ETF
36,A227830,ARIRANG 코스피,ETF
37,A122090,ARIRANG 코스피50,ETF
38,A328370,ARIRANG 코스피TR,ETF
39,A301440,ARIRANG 코스피중형주,ETF
40,A285690,FOCUS ESG리더스,ETF
41,A292730,FOCUS KRX300,ETF
42,A293180,HANARO 200,ETF
43,A332930,HANARO 200TR,ETF
44,A304780,HANARO 200선물레버리지,ETF
45,A306520,HANARO 200선물인버스,ETF
46,A368190,HANARO Fn K-뉴딜디지털플러스,ETF
47,A367740,HANARO Fn5G산업,ETF
48,A346000,HANARO KAP초장기국고채,ETF
49,A304760,HANARO KRX300,ETF
50,A332940,HANARO MSCI Korea TR,ETF
51,A322400,HANARO e커머스,ETF
52,A322410,HANARO 고배당,ETF
53,A354350,HANARO 글로벌럭셔리S&P(합성),ETF
54,A314700,HANARO 농업융복합산업,ETF
55,A306540,HANARO 단기통안채,ETF
56,A304770,HANARO 코스닥150,ETF
57,A306530,HANARO 코스닥150선물레버리지,ETF
58,A148020,KBSTAR 200,ETF
59,A285000,KBSTAR 200IT,ETF
60,A361580,KBSTAR 200TR,ETF
61,A287300,KBSTAR 200건설,ETF
62,A287310,KBSTAR 200경기소비재,ETF
63,A290080,KBSTAR 200고배당커버드콜ATM,ETF
64,A284980,KBSTAR 200금융,ETF
65,A287320,KBSTAR 200산업재,ETF
66,A287330,KBSTAR 200생활소비재,ETF
67,A252400,KBSTAR 200선물레버리지,ETF
68,A252410,KBSTAR 200선물인버스,ETF
69,A252420,KBSTAR 200선물인버스2X,ETF
70,A284990,KBSTAR 200에너지화학,ETF
71,A285010,KBSTAR 200중공업,ETF
72,A285020,KBSTAR 200철강소재,ETF
73,A315480,KBSTAR 200커뮤니케이션서비스,ETF
74,A105780,KBSTAR 5대그룹주,ETF
75,A290130,KBSTAR ESG사회책임투자,ETF
76,A368200,KBSTAR Fn K-뉴딜디지털플러스,ETF
77,A367760,KBSTAR Fn5G테크,ETF
78,A367770,KBSTAR Fn수소경제테마,ETF
79,A326240,KBSTAR IT플러스,ETF
80,A270800,KBSTAR KQ고배당,ETF
81,A292050,KBSTAR KRX300,ETF
82,A307010,KBSTAR KRX300레버리지,ETF
83,A319870,KBSTAR KRX300미국달러선물혼합,ETF
84,A342500,KBSTAR KRX국채선물3년10년스티프너,ETF
85,A342600,KBSTAR KRX국채선물3년10년스티프너2X,ETF
86,A342610,KBSTAR KRX국채선물3년10년플래트너,ETF
87,A342620,KBSTAR KRX국채선물3년10년플래트너2X,ETF
88,A234310,KBSTAR V&S셀렉트밸류,ETF
89,A241390,KBSTAR V&S셀렉트밸류채권혼합,ETF
90,A300640,KBSTAR 게임테마,ETF
91,A266160,KBSTAR 고배당,ETF
92,A114100,KBSTAR 국고채3년,ETF
93,A282000,KBSTAR 국고채3년선물인버스,ETF
94,A295000,KBSTAR 국채선물10년,ETF
95,A295020,KBSTAR 국채선물10년인버스,ETF
96,A276650,KBSTAR 글로벌4차산업IT(합성 H),ETF
97,A336160,KBSTAR 금융채액티브,ETF
98,A326230,KBSTAR 내수주플러스,ETF
99,A272560,KBSTAR 단기국공채액티브,ETF
100,A196230,KBSTAR 단기통안채,ETF
101,A315960,KBSTAR 대형고배당10TR,ETF
102,A252730,KBSTAR 모멘텀로우볼,ETF
103,A252720,KBSTAR 모멘텀밸류,ETF
104,A219390,KBSTAR 미국S&P원유생산기업(합성 H),ETF
105,A354240,KBSTAR 미국고정배당우선증권ICE TR,ETF
106,A368590,KBSTAR 미국나스닥100,ETF
107,A267440,KBSTAR 미국장기국채선물(H),ETF
108,A267490,KBSTAR 미국장기국채선물레버리지(합성 H),ETF
109,A267450,KBSTAR 미국장기국채선물인버스(H),ETF
110,A267500,KBSTAR 미국장기국채선물인버스2X(합성 H),ETF
111,A140570,KBSTAR 수출주,ETF
112,A140580,KBSTAR 우량업종,ETF
113,A183710,KBSTAR 주식혼합,ETF
114,A310080,KBSTAR 중국MSCI China선물(H),ETF
115,A174360,KBSTAR 중국본토대형주CSI100,ETF
116,A136340,KBSTAR 중기우량회사채,ETF
117,A281990,KBSTAR 중소형고배당,ETF
118,A300280,KBSTAR 중소형모멘텀로우볼,ETF
119,A300290,KBSTAR 중소형모멘텀밸류,ETF
120,A272570,KBSTAR 중장기국공채액티브,ETF
121,A250730,KBSTAR 차이나HSCEI(H),ETF
122,A291680,KBSTAR 차이나H선물인버스(H),ETF
123,A371150,KBSTAR 차이나항셍테크,ETF
124,A183700,KBSTAR 채권혼합,ETF
125,A270810,KBSTAR 코스닥150,ETF
126,A278240,KBSTAR 코스닥150선물레버리지,ETF
127,A275750,KBSTAR 코스닥150선물인버스,ETF
128,A302450,KBSTAR 코스피,ETF
129,A361590,KBSTAR 코스피ex200,ETF
130,A334690,KBSTAR 팔라듐선물(H),ETF
131,A334700,KBSTAR 팔라듐선물인버스(H),ETF
132,A253280,KBSTAR 헬스케어,ETF
133,A253290,KBSTAR 헬스케어채권혼합,ETF
134,A105190,KINDEX 200,ETF
135,A332500,KINDEX 200TR,ETF
136,A368470,KINDEX Fn K-뉴딜디지털플러스,ETF
137,A226380,KINDEX Fn성장소비주도주,ETF
138,A356540,KINDEX KIS종합채권(AA-이상)액티브,ETF
139,A277540,KINDEX S&P아시아TOP50,ETF
140,A225130,KINDEX 골드선물 레버리지(합성 H),ETF
141,A365780,KINDEX 국고채10년,ETF
142,A114460,KINDEX 국고채3년,ETF
143,A299070,KINDEX 국채선물10년인버스,ETF
144,A299080,KINDEX 국채선물3년인버스,ETF
145,A190620,KINDEX 단기통안채,ETF
146,A265690,KINDEX 러시아MSCI(합성),ETF
147,A152500,KINDEX 레버리지,ETF
148,A291130,KINDEX 멕시코MSCI(합성),ETF
149,A342140,KINDEX 모닝스타싱가포르리츠채권혼합,ETF
150,A280320,KINDEX 미국IT인터넷S&P(합성 H),ETF
151,A360200,KINDEX 미국S&P500,ETF
152,A309230,KINDEX 미국WideMoat가치주,ETF
153,A367380,KINDEX 미국나스닥100,ETF
154,A181480,KINDEX 미국다우존스리츠(합성 H),ETF
155,A211260,KINDEX 배당성장,ETF
156,A143460,KINDEX 밸류대형,ETF
157,A245710,KINDEX 베트남VN30(합성),ETF
158,A371130,KINDEX 블룸버그베트남VN30선물레버리지(H),ETF
159,A131890,KINDEX 삼성그룹동일가중,ETF
160,A108450,KINDEX 삼성그룹섹터가중,ETF
161,A322130,KINDEX 스마트로우볼,ETF
162,A272220,KINDEX 스마트모멘텀,ETF
163,A272230,KINDEX 스마트밸류,ETF
164,A322120,KINDEX 스마트퀄리티,ETF
165,A322150,KINDEX 스마트하이베타,ETF
166,A316300,KINDEX 싱가포르리츠,ETF
167,A256440,KINDEX 인도네시아MSCI(합성),ETF
168,A145670,KINDEX 인버스,ETF
169,A238720,KINDEX 일본Nikkei225(H),ETF
170,A196030,KINDEX 일본TOPIX레버리지(H),ETF
171,A205720,KINDEX 일본TOPIX인버스(합성 H),ETF
172,A168580,KINDEX 중국본토CSI300,ETF
173,A219900,KINDEX 중국본토CSI300레버리지(합성),ETF
174,A272910,KINDEX 중장기국공채액티브,ETF
175,A371870,KINDEX 차이나항셍테크,ETF
176,A251890,KINDEX 코스닥(합성),ETF
177,A354500,KINDEX 코스닥150,ETF
178,A305050,KINDEX 코스피,ETF
179,A261920,KINDEX 필리핀MSCI(합성),ETF
180,A69500,KODEX 200,ETF
181,A226980,KODEX 200 중소형,ETF
182,A337160,KODEX 200ESG,ETF
183,A363580,KODEX 200IT TR,ETF
184,A278530,KODEX 200TR,ETF
185,A337150,KODEX 200exTOP,ETF
186,A223190,KODEX 200가치저변동,ETF
187,A252650,KODEX 200동일가중,ETF
188,A360140,KODEX 200롱코스닥150숏선물,ETF
189,A284430,KODEX 200미국채혼합,ETF
190,A252670,KODEX 200선물인버스2X,ETF
191,A305720,KODEX 2차전지산업,ETF
192,A271060,KODEX 3대농산물선물(H),ETF
193,A99140,KODEX China H,ETF
194,A204450,KODEX China H 레버리지(H),ETF
195,A291660,KODEX China H선물인버스(H),ETF
196,A368680,KODEX Fn K-뉴딜디지털플러스,ETF
197,A296710,KODEX FnKorea50,ETF
198,A337120,KODEX Fn멀티팩터,ETF
199,A325010,KODEX Fn성장,ETF
200,A266370,KODEX IT,ETF
201,A373490,KODEX K-이노베이션액티브,ETF
202,A292190,KODEX KRX300,ETF
203,A306950,KODEX KRX300레버리지,ETF
204,A229720,KODEX KTOP30,ETF
205,A291890,KODEX MSCI EM선물(H),ETF
206,A289040,KODEX MSCI KOREA ESG유니버설,ETF
207,A156080,KODEX MSCI Korea,ETF
208,A278540,KODEX MSCI Korea TR,ETF
209,A275280,KODEX MSCI모멘텀,ETF
210,A275290,KODEX MSCI밸류,ETF
211,A275300,KODEX MSCI퀄리티,ETF
212,A269420,KODEX S&P글로벌인프라(합성),ETF
213,A329650,KODEX TRF3070,ETF
214,A329660,KODEX TRF5050,ETF
215,A329670,KODEX TRF7030,ETF
216,A352540,KODEX TSE일본리츠(H),ETF
217,A315930,KODEX Top5PlusTR,ETF
218,A261220,KODEX WTI원유선물(H),ETF
219,A271050,KODEX WTI원유선물인버스(H),ETF
220,A117700,KODEX 건설,ETF
221,A300950,KODEX 게임산업,ETF
222,A266390,KODEX 경기소비재,ETF
223,A279530,KODEX 고배당,ETF
224,A132030,KODEX 골드선물(H),ETF
225,A280940,KODEX 골드선물인버스(H),ETF
226,A138910,KODEX 구리선물(H),ETF
227,A114260,KODEX 국고채3년,ETF
228,A152380,KODEX 국채선물10년,ETF
229,A176950,KODEX 국채선물10년인버스,ETF
230,A292770,KODEX 국채선물3년인버스,ETF
231,A276990,KODEX 글로벌4차산업로보틱스(합성),ETF
232,A102960,KODEX 기계장비,ETF
233,A352560,KODEX 다우존스미국리츠(H),ETF
234,A273140,KODEX 단기변동금리부채권액티브,ETF
235,A153130,KODEX 단기채권,ETF
236,A214980,KODEX 단기채권PLUS,ETF
237,A122630,KODEX 레버리지,ETF
238,A321410,KODEX 멀티에셋하이인컴(H),ETF
239,A244620,KODEX 모멘텀Plus,ETF
240,A314250,KODEX 미국FANG플러스(H),ETF
241,A219480,KODEX 미국S&P500선물(H),ETF
242,A276970,KODEX 미국S&P고배당커버드콜(합성 H),ETF
243,A185680,KODEX 미국S&P바이오(합성),ETF
244,A200030,KODEX 미국S&P산업재(합성),ETF
245,A218420,KODEX 미국S&P에너지(합성),ETF
246,A304940,KODEX 미국나스닥100선물(H),ETF
247,A261240,KODEX 미국달러선물,ETF
248,A261250,KODEX 미국달러선물레버리지,ETF
249,A261270,KODEX 미국달러선물인버스,ETF
250,A261260,KODEX 미국달러선물인버스2X,ETF
251,A280930,KODEX 미국러셀2000(H),ETF
252,A308620,KODEX 미국채10년선물,ETF
253,A304660,KODEX 미국채울트라30년선물(H),ETF
254,A304670,KODEX 미국채울트라30년선물인버스(H),ETF
255,A266360,KODEX 미디어&엔터테인먼트,ETF
256,A244580,KODEX 바이오,ETF
257,A91160,KODEX 반도체,ETF
258,A325020,KODEX 배당가치,ETF
259,A211900,KODEX 배당성장,ETF
260,A237370,KODEX 배당성장채권혼합,ETF
261,A244670,KODEX 밸류Plus,ETF
262,A140700,KODEX 보험,ETF
263,A102780,KODEX 삼성그룹,ETF
264,A213610,KODEX 삼성그룹밸류,ETF
265,A251350,KODEX 선진국MSCI World,ETF
266,A256750,KODEX 심천ChiNext(합성),ETF
267,A117460,KODEX 에너지화학,ETF
268,A140710,KODEX 운송,ETF
269,A144600,KODEX 은선물(H),ETF
270,A91170,KODEX 은행,ETF
271,A114800,KODEX 인버스,ETF
272,A101280,KODEX 일본TOPIX100,ETF
273,A91180,KODEX 자동차,ETF
274,A363570,KODEX 장기종합채권(AA-이상)액티브KAP,ETF
275,A273130,KODEX 종합채권(AA-이상)액티브,ETF
276,A169950,KODEX 중국본토 A50,ETF
277,A283580,KODEX 중국본토CSI300,ETF
278,A102970,KODEX 증권,ETF
279,A372330,KODEX 차이나항셍테크,ETF
280,A117680,KODEX 철강,ETF
281,A279540,KODEX 최소변동성,ETF
282,A229200,KODEX 코스닥 150,ETF
283,A233740,KODEX 코스닥150 레버리지,ETF
284,A360150,KODEX 코스닥150롱코스피200숏선물,ETF
285,A251340,KODEX 코스닥150선물인버스,ETF
286,A226490,KODEX 코스피,ETF
287,A237350,KODEX 코스피100,ETF
288,A359210,KODEX 코스피TR,ETF
289,A337140,KODEX 코스피대형주,ETF
290,A138920,KODEX 콩선물(H),ETF
291,A244660,KODEX 퀄리티Plus,ETF
292,A266410,KODEX 필수소비재,ETF
293,A298770,KODEX 한국대만IT프리미어,ETF
294,A266420,KODEX 헬스케어,ETF
295,A364690,KODEX 혁신기술테마액티브,ETF
296,A69660,KOSEF 200,ETF
297,A152280,KOSEF 200 선물,ETF
298,A294400,KOSEF 200TR,ETF
299,A253250,KOSEF 200선물레버리지,ETF
300,A253240,KOSEF 200선물인버스,ETF
301,A253230,KOSEF 200선물인버스2X,ETF
302,A331910,KOSEF Fn중소형,ETF
303,A100910,KOSEF KRX100,ETF
304,A104530,KOSEF 고배당,ETF
305,A148070,KOSEF 국고채10년,ETF
306,A167860,KOSEF 국고채10년레버리지,ETF
307,A114470,KOSEF 국고채3년,ETF
308,A130730,KOSEF 단기자금,ETF
309,A138230,KOSEF 미국달러선물,ETF
310,A225800,KOSEF 미국달러선물레버리지,ETF
311,A139660,KOSEF 미국달러선물인버스,ETF
312,A230480,KOSEF 미국달러선물인버스2X,ETF
313,A373790,KOSEF 미국방어배당성장나스닥,ETF
314,A260200,KOSEF 배당바이백Plus,ETF
315,A104520,KOSEF 블루칩,ETF
316,A200250,KOSEF 인도Nifty50(합성),ETF
317,A260270,KOSEF 저PBR가중,ETF
318,A316670,KOSEF 코스닥150,ETF
319,A291610,KOSEF 코스닥150선물,ETF
320,A291630,KOSEF 코스닥150선물레버리지,ETF
321,A291620,KOSEF 코스닥150선물인버스,ETF
322,A153270,KOSEF 코스피100,ETF
323,A122260,KOSEF 통안채1년,ETF
324,A168300,KTOP 코스피50,ETF
325,A295040,SMART 200TR,ETF
326,A363510,SMART KIS단기통안채,ETF
327,A292500,SMART KRX300,ETF
328,A208470,SMART 선진국MSCI World(합성 H),ETF
329,A220130,SMART 중국본토 중소형 CSI500(합성 H),ETF
330,A102110,TIGER 200,ETF
331,A139260,TIGER 200 IT,ETF
332,A139220,TIGER 200 건설,ETF
333,A139290,TIGER 200 경기소비재,ETF
334,A139270,TIGER 200 금융,ETF
335,A227550,TIGER 200 산업재,ETF
336,A227560,TIGER 200 생활소비재,ETF
337,A139250,TIGER 200 에너지화학,ETF
338,A139230,TIGER 200 중공업,ETF
339,A139240,TIGER 200 철강소재,ETF
340,A227540,TIGER 200 헬스케어,ETF
341,A243880,TIGER 200IT레버리지,ETF
342,A310960,TIGER 200TR,ETF
343,A252000,TIGER 200동일가중,ETF
344,A267770,TIGER 200선물레버리지,ETF
345,A252710,TIGER 200선물인버스2X,ETF
346,A243890,TIGER 200에너지화학레버리지,ETF
347,A315270,TIGER 200커뮤니케이션서비스,ETF
348,A166400,TIGER 200커버드콜5%OTM,ETF
349,A289480,TIGER 200커버드콜ATM,ETF
350,A305540,TIGER 2차전지테마,ETF
351,A365040,TIGER AI코리아그로스액티브,ETF
352,A357870,TIGER CD금리투자KIS(합성),ETF
353,A341850,TIGER KIS부동산인프라채권TR,ETF
354,A364960,TIGER KRX BBIG K-뉴딜,ETF
355,A364980,TIGER KRX2차전지K-뉴딜,ETF
356,A292160,TIGER KRX300,ETF
357,A364990,TIGER KRX게임K-뉴딜,ETF
358,A364970,TIGER KRX바이오K-뉴딜,ETF
359,A365000,TIGER KRX인터넷K-뉴딜,ETF
360,A228820,TIGER KTOP30,ETF
361,A300610,TIGER K게임,ETF
362,A138530,TIGER LG그룹+펀더멘털,ETF
363,A289260,TIGER MSCI KOREA ESG리더스,ETF
364,A289250,TIGER MSCI KOREA ESG유니버설,ETF
365,A310970,TIGER MSCI Korea TR,ETF
366,A269370,TIGER S&P글로벌인프라(합성),ETF
367,A248270,TIGER S&P글로벌헬스케어(합성),ETF
368,A292150,TIGER TOP10,ETF
369,A217790,TIGER 가격조정,ETF
370,A139280,TIGER 경기방어,ETF
371,A237440,TIGER 경기방어채권혼합,ETF
372,A319640,TIGER 골드선물(H),ETF
373,A160580,TIGER 구리실물,ETF
374,A114820,TIGER 국채3년,ETF
375,A302180,TIGER 국채선물10년인버스,ETF
376,A302170,TIGER 국채선물3년인버스,ETF
377,A275980,TIGER 글로벌4차산업혁신기술(합성 H),ETF
378,A276000,TIGER 글로벌자원생산기업(합성 H),ETF
379,A371450,TIGER 글로벌클라우드컴퓨팅INDXX,ETF
380,A139310,TIGER 금속선물(H),ETF
381,A139320,TIGER 금은선물(H),ETF
382,A137610,TIGER 농산물선물Enhanced(H),ETF
383,A182490,TIGER 단기선진하이일드(합성 H),ETF
384,A272580,TIGER 단기채권액티브,ETF
385,A157450,TIGER 단기통안채,ETF
386,A292110,TIGER 대형가치,ETF
387,A292100,TIGER 대형성장,ETF
388,A105010,TIGER 라틴35,ETF
389,A123320,TIGER 레버리지,ETF
390,A174350,TIGER 로우볼,ETF
391,A147970,TIGER 모멘텀,ETF
392,A182480,TIGER 미국MSCI리츠(합성 H),ETF
393,A360750,TIGER 미국S&P500,ETF
394,A225040,TIGER 미국S&P500레버리지(합성 H),ETF
395,A143850,TIGER 미국S&P500선물(H),ETF
396,A225030,TIGER 미국S&P500선물인버스(H),ETF
397,A133690,TIGER 미국나스닥100,ETF
398,A203780,TIGER 미국나스닥바이오,ETF
399,A245340,TIGER 미국다우존스30,ETF
400,A329750,TIGER 미국달러단기채권액티브,ETF
401,A261110,TIGER 미국달러선물레버리지,ETF
402,A261120,TIGER 미국달러선물인버스2X,ETF
403,A305080,TIGER 미국채10년선물,ETF
404,A228810,TIGER 미디어컨텐츠,ETF
405,A91230,TIGER 반도체,ETF
406,A98560,TIGER 방송통신,ETF
407,A211560,TIGER 배당성장,ETF
408,A170350,TIGER 베타플러스,ETF
409,A329200,TIGER 부동산인프라고배당,ETF
410,A138520,TIGER 삼성그룹펀더멘털,ETF
411,A157490,TIGER 소프트웨어,ETF
412,A228800,TIGER 여행레저,ETF
413,A227570,TIGER 우량가치,ETF
414,A261140,TIGER 우선주,ETF
415,A130680,TIGER 원유선물Enhanced(H),ETF
416,A217770,TIGER 원유선물인버스(H),ETF
417,A195930,TIGER 유로스탁스50(합성 H),ETF
418,A225050,TIGER 유로스탁스레버리지(합성 H),ETF
419,A245350,TIGER 유로스탁스배당30,ETF
420,A91220,TIGER 은행,ETF
421,A307510,TIGER 의료기기,ETF
422,A225060,TIGER 이머징마켓MSCI레버리지(합성 H),ETF
423,A236350,TIGER 인도니프티50레버리지(합성),ETF
424,A123310,TIGER 인버스,ETF
425,A195920,TIGER 일본TOPIX(합성 H),ETF
426,A248260,TIGER 일본TOPIX헬스케어(합성),ETF
427,A241180,TIGER 일본니케이225,ETF
428,A292560,TIGER 일본엔선물,ETF
429,A292570,TIGER 일본엔선물레버리지,ETF
430,A292580,TIGER 일본엔선물인버스,ETF
431,A292590,TIGER 일본엔선물인버스2X,ETF
432,A150460,TIGER 중국소비테마,ETF
433,A292140,TIGER 중소형가치,ETF
434,A292130,TIGER 중소형성장,ETF
435,A302190,TIGER 중장기국채,ETF
436,A157500,TIGER 증권,ETF
437,A307520,TIGER 지주회사,ETF
438,A192090,TIGER 차이나CSI300,ETF
439,A204480,TIGER 차이나CSI300레버리지(합성),ETF
440,A217780,TIGER 차이나CSI300인버스(합성),ETF
441,A245360,TIGER 차이나HSCEI,ETF
442,A371470,TIGER 차이나바이오테크SOLACTIVE,ETF
443,A371460,TIGER 차이나전기차SOLACTIVE,ETF
444,A117690,TIGER 차이나항셍25,ETF
445,A371160,TIGER 차이나항셍테크,ETF
446,A232080,TIGER 코스닥150,ETF
447,A233160,TIGER 코스닥150 레버리지,ETF
448,A261060,TIGER 코스닥150IT,ETF
449,A261070,TIGER 코스닥150바이오테크,ETF
450,A250780,TIGER 코스닥150선물인버스,ETF
451,A277630,TIGER 코스피,ETF
452,A210780,TIGER 코스피고배당,ETF
453,A277640,TIGER 코스피대형주,ETF
454,A277650,TIGER 코스피중형주,ETF
455,A143860,TIGER 헬스케어,ETF
456,A138540,TIGER 현대차그룹+펀더멘털,ETF
457,A228790,TIGER 화장품,ETF
458,A108590,TREX 200,ETF
459,A145850,TREX 펀더멘탈 200,ETF
460,A137930,마이다스 200커버드콜5%OTM,ETF
461,A292340,마이티 200커버드콜ATM레버리지,ETF
462,A159800,마이티 코스피100,ETF
463,A152870,파워 200,ETF
464,A192720,파워 고배당저변동성,ETF
465,A176710,파워 중기국고채,ETF
466,A140950,파워 코스피100,ETF
467,A215620,흥국 S&P코리아로우볼,ETF
