,m1,m2,m3,m4,m5
0,쌀밥,오징어찌개,쇠불고기,계란찜,청포묵무침
1,쌀밥,김치찌개,가자미튀김,모둠소세지구이,마늘쫑무침
2,카레덮밥,팽이장국,치킨핑거,쫄면야채무침,견과류조림
3,쌀밥,쇠고기무국,주꾸미볶음,부추전,시금치나물
4,쌀밥,떡국,돈육씨앗강정,우엉잡채,청경채무침
5,쌀밥,시래기국,훈제오리구이,도토리묵무침,쌈무
6,쌀밥,꽃게탕,돈육굴소스볶음,옥수수전,유채나물
7,쌀밥,시금치국,닭감자조림,연두부,콩나물무침
8,쌀밥,쇠고기무국,탕수어,오징어숙회무침,취나물
9,쌀밥,냉이된장국,쇠고기장조림,통도라지구이,치커리무침
10,비빔밥,유부장국,고구마치즈구이,해초무침,요구르트
11,쌀밥,대구찌개,마늘간장치킨,새송이버섯볶음,돌나물무침
12,쌀밥,쇠고기느타리국,갈치구이,호박꼬지&고사리&무나물,파래김
13,쌀밥,콩나물국,돈육간장볶음,버섯잡채,꽃상추무침
14,비빔밥,팽이장국,소세지피망볶음,맛탕,귤
15,쌀밥,북어계란국,닭갈비,새싹두부구이,곰피초장
16,쌀밥,수제비국,오징어볶음,계란찜,도라지초무침
17,쌀밥,얼갈이된장국,제육볶음,늙은호박전,치커리생채
18,쌀밥,쇠고기미역국,주꾸미볶음,맛살계란말이,아삭고추무침
19,쌀밥,근대된장국,탕수육,새송이버섯조림,무생채
20,쌀밥,부대찌개,가자미튀김,메추리알조림,열무된장나물
21,쌀밥,콩나물국,닭갈비,모둠묵,톳두부무침
22,쌀밥,차돌박이찌개,고등어김치말이,소세지구이,풋마늘초무침
23,쌀밥,북어국,돈육장조림,홍어무침,시금치나물
24,쌀밥,고추장찌개,닭데리야끼조림,해물파전,취나물
25,쌀밥,배추된장국,수제돈가스,탕평채,쫄면무침
26,쌀밥,어묵국,돈육고추장볶음,모둠양채쌈,콩나물파채무침
27,쌀밥,쑥국,소불고기,골뱅이무침,마늘쫑볶음
28,곤드레밥,콩나물김치국,미니채소떡갈비,두부계란부침,무나물
29,쌀밥,사골우거지국,탕수어,파래김,깻순나물
30,쌀밥,시금치국,훈제오리구이,연근땅콩조림,쌈무
31,쌀밥,꽃게탕,버섯불고기,계란말이,도토리묵무침
32,쌀밥,쇠고기샤브국,코다리강정,두부&김치볶음,유채나물
33,콩나물밥,맑은국,치킨텐더,땅콩조림,실곤약초무침
34,쌀밥,북어계란국,쇠고기장조림,오징어초무침,시래기나물
35,쌀밥,닭개장,자반고등어구이,비엔나볶음,열무나물
36,쌀밥,얼갈이된장국,닭갈비,해파리냉채,취나물
37,쌀밥,옹심이만두국,주꾸미볶음,새송이버섯전,치커리유자청생채
38,비빔밥,쪽파국,오징어튀김,알감자버터구이,오렌지
39,쌀밥,매운콩나물국,돈육굴소스볶음,동태전,봄동나물
40,쌀밥,버섯들깨탕,갈치조림,우엉잡채,아삭고추무침
41,쌀밥,순두부찌개,쇠불고기,브로컬리맛살볶음,풋마늘초무침
42,쌀밥,북어국,오징어볶음,모둠소시지구이,시금치나물
43,쌀밥,올갱이아욱국,제육볶음,두부조림,모둠쌈
44,쌀밥,어묵국,매운돼지갈비찜,해물파전,무생채
45,쌀밥,배추된장국,순살양념치킨,메추리알조림,콩나물무침
46,쌀밥,시래기국,훈제오리구이,무쌈,풋마늘초무침
47,쌀밥,부대찌개,쇠고기단호박조림,열무나물,시금치나물
48,쌀밥,수제비국,돈육굴소스볶음,양배추,무생채
49,쌀밥,냉이된장찌개,닭데리야끼조림,도라지초무침,콩나물무침
50,쌀밥,배추된장국,돈육강정,콩나물잡채,브로컬리두부무침
51,쌀밥,육개장,꽁치한마리구이,고기전,해초무침
52,콩나물밥,근대된장국,매콤떡갈비조림,청포묵무침,부추생채
53,쌀밥,대구매운탕,쇠고기볶음,옥수수전,청경채생채
54,쌀밥,북어국,등갈비김치찜,연근조림,깻잎양념지
55,쌀밥,콩나물국,돈간장불고기,김치전,버섯볶음
56,쌀밥,쇠고기무국,주꾸미볶음,치즈계란말이,풋마늘대무침
57,비빔밥,미소장국,궁중떡찜,알감자버터구이,유기농식혜
58,쌀밥,미역국,양념파닭,동그랑땡부침,콩자반
59,쌀밥,돈육김치찌개,미트볼조림,고등어카레구이,치커리사과무침
60,쌀밥,시금치국,닭갈비,맛살겨자채,비름나물
61,곤드레밥,무채국,모둠장조림,온두부,실곤약초무침
62,쌀밥,쇠고기샤브국,오징어볶음,동태전,무생채
63,쌀밥,매운어묵국,훈제오리구이,무쌈,도토리묵무침
64,쌀밥,콩나물국,버섯불고기,오징어초무침,시금치나물
65,영양밥,시래기된장국,돈육칠리강정,멸치크랜베리볶음,가지나물
66,쌀밥,오징어국,찜닭,꽃맛살볶음,통도라지구이
67,쌀밥,된장찌개,매운돼지갈비찜,해물파전,치커리유자생채
68,쌀밥,감자고추장찌개,돈육굴소스볶음,계란찜,꽃상추무침
69,쌀밥,들깨버섯탕,고등어김치말이,고기전,비름나물
70,비빔밥,미소장국,치킨핑거,연근땅콩조림,요플레
71,쌀밥,열무된장국,미니채소떡갈비,골뱅이무침,숙주나물
72,쌀밥,순두부찌개,닭오븐구이,새송이버섯전,불미나리무침
73,쌀밥,북어콩나물국,쇠고기불고기,옥수수전,오이무침
74,쌀밥,한방갈비탕,꼬지삼색전,오징어숙회무침,치커리생채
75,볶음밥,미역장국,탕수어,우엉조림,매실주스
76,쌀밥,쇠고기해장국,갈치구이,비엔나감자볶음,무생채
77,쌀밥,배추된장국,닭양념조림,동그랑땡전,고구마순나물
78,쌀밥,콩나물김치국,누룽지탕수육,명태조림,오이도라지생채
79,쌀밥,근대된장국,닭갈비,잡채,깻잎양념지
80,비빔밥,강된장찌개,오징어튀김,궁중떡볶이,음료
81,쌀밥,오이미역냉국,모둠장조림,두부구이,실곤약초무침
82,쌀밥,차돌박이찌개,찜닭,김치전,머위대나물
83,쌀밥,북어계란국,돈육굴소스볶음,홍어채무침,가지나물
84,쌀밥,참치김치찌개,순살깐풍기,맛살콩나물냉채,브로컬리초장
85,쌀밥,매운콩나물국,돼지갈비찜,부추전,비름나물
86,쌀밥,된장찌개,오징어볶음,모둠소시지구이,치커리사과무침
87,쌀밥,북어콩나물국,제육볶음,참치야채전,모둠쌈
88,쌀밥,배추된장국,닭양념조림,탕평채,어묵볶음
89,카레덮밥,맑은국,떡갈비조림,쫄면무침,열무된장나물
90,쌀밥,부대찌개,가자미양념찜,고기전,해초무침
91,쌀밥,꽃게탕,돈육강정,버섯잡채,김구이
92,쌀밥,어묵국,레몬탕수육,명태엿장조림,시금치나물
93,쌀밥,대구찌개,간장치킨,마늘쫑볶음,오이무침
94,쌀밥,시래기국,돈삼겹보쌈,새송이버섯전,콩나물파채무침
95,쌀밥,쇠고기무국,매콤낙지볶음,메추리알조림,숙주나물
96,쌀밥,도토리묵냉국,목살데리야끼구이,골뱅이무침&소면,간장깻잎지
97,쌀밥,배추된장국,훈제오리구이,실곤약초무침,쌈무
98,쌀밥,육개장,고등어구이,닭가슴살냉채,마늘쫑무침
99,쌀밥,콩나물국,간장돼지갈비찜,계란말이,상추겉절이
100,쌀밥,버섯들깨찌개,닭오븐구이,김치전,치커리사과무침
101,쌀밥,수제비국,유자청제육볶음,두부새싹구이,양배추
102,쌀밥,감자고추장찌개,버섯불고기,맛살겨자초무침,노각무침
103,쌀밥,쇠고기미역국,꽁치김치말이찜,모둠소세지구이,비름나물
104,곤드레밥,가쯔오장국,닭강정,해물파전,통도라지구이
105,쌀밥,된장찌개,갈치조림,돈육잡채,오이생채
106,쌀밥,우무묵냉국,갈릭돈까스,감자볶음,영양부추
107,쌀밥,호박잎찌개,돈육굴소스볶음,홍어채무침,모듬쌈
108,쌀밥,건새우아욱국,순살파닭,꽃맛살볶음,도라지나물
109,비빔밥,오이냉국,사천식탕수육,감자만두,수박
110,쌀밥,배추된장국,매운주꾸미볶음,동태전,브로컬리두부무침
111,쌀밥,북어계란국,등갈비김치찜,삼치구이,가지나물
112,쌀밥,순두부찌개,돈육떡강정,새송이버섯전,해초무침
113,쌀밥,시래기국,목살데리야끼,늙은호박전,치커리들깨무침
114,쌀밥,사골우거지탕,미트볼조림,골뱅이무침,청포묵무침
115,쌀밥,우묵콩국,고추장불고기,명태엿장조림,깻잎지
116,참치회덮밥,미소장국,고구마치즈구이,춘권,토마토
117,쌀밥,쇠고기미역국,불닭볶음,해파리겨자채,쌈무
118,쌀밥,청국장찌개,미니채소떡갈비,계란말이,연근조림
119,쌀밥,시금치국,동파삼겹수육,감자채볶음,오이도라지무침
120,쌀밥,꽃게탕,훈제오리냉채,동그랑땡전,콩자반
121,연복풍덮밥,도토리묵냉국,꽁치오븐구이,마늘쫑무침,양배추
122,쌀밥,부대찌개,갈치구이,닭살겨자냉채,꽈리고추찜
123,비빔밥,팽이장국,꽃맛살볶음,웨지감자오븐구이,유기농식혜
124,쌀밥,버섯들깨탕,레몬탕수육,메추리알조림,콩나물무침
125,쌀밥,복숭아미역냉국,닭데리야끼조림,비엔나감자볶음,시금치무침
126,쌀밥,된장찌개,매콤돼지갈비찜,연근,무생채
127,쌀밥,호박잎된장국,유자청제육볶음,오꼬노미계란말이,도라지초무침
128,쌀밥,콩나물국,미니함박조림,오징어브로컬리숙회,오이무침
129,쌀밥,사과오이냉국,장어강정,우엉잡채,치커리생채
130,쌀밥,시래기국,삼겹살오븐구이,매운어묵볶음,상추&마늘
131,고기덮밥,맑은국,새우까스&탈탈소스,고구마범벅,노각무침
132,쌀밥,닭곰탕,고등어조림,비엔나피망볶음,해초무침
133,쌀밥,대구매운탕,오징어볶음,고기전,청경채무침
134,쌀밥,열무된장국,갈릭돈가스,마늘쫑볶음,실곤약초무침
135,영양밥,도토리묵냉국,소고기숙주볶음,땅콩조림,쑥갓두부무침
136,쌀밥,꽃게탕,고추잡채,꽁치와사비구이,오이무침
137,쌀밥,배추된장국,칠리탕수육,두부조림,콩나물무침
138,쌀밥,해물된장찌개,닭볶음,연근조림,치커리유자청무침
139,쌀밥,육개장,동태무조림,부추전,올방개묵무침
140,쌀밥,떡국,마늘치킨,홍어채무침,꽃맛살오리엔탈샐러드
141,쌀밥,순두부찌개,소불고기,골뱅이무침,아삭고추무침
142,쌀밥,버섯매운탕,갈치구이,모듬소시지볶음,호박잎쌈
143,비빔밥,가쯔오장국,계란말이,과일샐러드,단무지무침
144,쌀밥,오징어국,목살데리야끼,버섯잡채,브로컬리초장
145,쌀밥,시래기된장국,닭찜,해물파전,청경채무침
146,쌀밥,쇠고기샤브국,오징어볶음,옥수수전,연두부
147,쌀밥,부대찌개,가자미카레튀김,모둠버섯볶음,참나물땅콩무침
148,곤드레밥,두부맑은국,돈육떡강정,계란찜,오이무침
149,쌀밥,된장찌개,오리고추장볶음,콩나물잡채,부추생채
150,쌀밥,황태맑은국,유린기,도토리묵무침,숙주나물
151,쌀밥,시래기국,닭볶음,동그랑땡,상추겉절이
152,쌀밥,토란국,매운돼지갈비찜,어묵볶음,쑥갓두부무침
153,쌀밥,어묵국,오리훈제고추장볶음,계란말이,애호박나물
154,쌀밥,얼갈이된장국,레몬탕수육,감자채볶음,참나물생채
155,비빔밥,팽이장국,너비아니구이,땅콩조림,핫도그
156,쌀밥,쇠고기무국,임연수찜,햄피망볶음,단배추나물
157,쌀밥,오징어국,소고기숙주볶음,두부조림,무생채
158,쌀밥,아욱된장국,유자청돈육볶음,우엉잡채,양배추
159,쌀밥,느타리버섯국,간장파닭,쫄면무침,열무된장나물
160,카레덮밥,맑은국,샐러드파스타,새송이버섯조림,오이무침
161,쌀밥,된장찌개,돈육장조림,호박부추전,올방개묵무침
162,쌀밥,우거지해장국,꽁치한마리구이,가지볶음,브로컬리초장
163,쌀밥,배추된장국,버섯불고기,골뱅이소면무침,마늘쫑건새우볶음
164,쌀밥,차돌박이찌개,매운주꾸미볶음,모둠소세지구이,콩나물무침
165,쌀밥,미역국,한방소갈비찜,오징어숙회무침,동태
166,쌀밥,대구매운탕,표고돈육탕수,메추리알곤약조림,부추생채
167,쌀밥,쇠고기샤브국,오징어볶음,맛살계란말이,참나물무침
168,쌀밥,시금치된장국,목살스테이크,버섯잡채,오이무침
169,비빔밥,팽이버섯국,생선커틀릿,오복지무침,오렌지주스
170,쌀밥,떡국,마늘치킨,모듬묵,열무된장나물
171,쌀밥,건새우무국,등갈비김치찜,계란버섯장조림,애호박나물
172,쌀밥,미역국,소불고기,모둠양채쌈,매운어묵볶음
173,쌀밥,꽃게탕,미트볼칠리조림,부추전,치커리유자청무침
174,쌀밥,참치김치찌개,유린기,셀프무쌈말이,멸치크렌베리볶음
175,쌀밥,돈신탕,꽁치김치말이,메밀버섯전,쑥갓두부무침
176,짜장덮밥,계란국,사천식탕수육,풍기샐러드,단무지
177,쌀밥,된장찌개,제육볶음,해물파전,콩나물무침
178,쌀밥,육개장,갈치구이,고추잡채,미역레몬초무침
179,곤드레밥,배추된장국,데리야끼파닭,실곤약초무침,땅콩조림
180,쌀밥,동태찌개,돈육장조림,두부계란전,해초무침
181,쌀밥,버섯들깨탕,고등어조림,비엔나감자볶음,통도라지구이
182,쌀밥,근대된장국,쇠고기숙주볶음,새송이버섯전,홍어채무침
183,쌀밥,알탕,닭갈비,생선까스,시금치나물
184,콩나물밥,가쯔오장국,훈제오리,양파절임,부추겉절이
185,쌀밥,쇠고기무국,쭈꾸미볶음,계란말이,세발나물
186,쌀밥,사골우거지탕,명태엿장조림,모듬소세지구이,오이무침
187,쌀밥,오징어국,유자청제육볶음,날치알계란찜,상추파채무침
188,쌀밥,차돌박이찌개,순살양념치킨,동그랑땡전,깻잎지
189,영양밥,꽃게탕,고추잡채,연근조림,무생채
190,쌀밥,김치콩나물국,쇠고기장조림,닭살겨자채,멸치아몬드볶음
191,쌀밥,아욱된장국,칠리탕수육,동태전,치커리무침
192,쌀밥,어묵국,소고기버섯볶음,오징어숙회무침,부추호박전
193,쌀밥,김치국,닭데리야끼조림,햄감자채볶음,브로컬리무침
194,영양밥,조랭이떡미역국,유산슬,임연수구이,청경채무침
195,쌀밥,설렁탕,해물김치전,올방개묵무침,풋고추
196,쌀밥,콩비지찌개,순살깐풍기,어묵볶음,쌈다시마초장
197,쌀밥,시래기된장국,누룽지탕수육,계란찜,도라지초무침
198,쌀밥,대구매운탕,쇠고기숙주볶음,새싹두부구이,오이생채
199,쌀밥,순두부탕,파닭,갈치조림,청포묵무침
200,쌀밥,수제비국,짬뽕불고기,우엉잡채,참나물
201,카레덮밥,맑은국,통감자오븐구이,샐러드파스타,연근땅콩조림
202,쌀밥,쇠고기느타리국,오징어볶음,모둠소시지구이,물파래무침
203,쌀밥,근대국,제육볶음,늙은호박전,모둠쌈
204,비빔밥,가쯔오장국,치킨핑거,감자샐러드,오복지무침
205,쌀밥,콩나물국,모둠장조림,골뱅이무침,톳두부무침
206,쌀밥,떡국,양념찜닭,콩나물겨자채,청경채무침
207,쌀밥,순두부찌개,훈제오리구이,참치야채전,무쌈말이
208,쌀밥,홍합탕,삼겹살오븐구이,실곤약흑임자무침,배추쌈
209,짜장덮밥,유부장국,해물누룽지탕,개성감자만두,쨔샤이무침
210,쌀밥,아욱국,양념돼지갈비찜,버섯메밀전,상추초무침
211,쌀밥,차돌박이된장찌개,삼치무조림,닭가슴살냉채,마늘쫑무침
212,쌀밥,콩나물김치국,돈육굴소스볶음,매운어묵무침,다시마
213,쌀밥,냉이된장찌개,코다리강정,돈육잡채,오이도라지무침
214,고기덮밥,가쯔오장국,고구마튀김,멕시칸샐러드,청경채무침
215,쌀밥,콩비지찌개,오리고추장볶음,옥수수계란찜,부추생채
216,쌀밥,쇠고기샤브국,갈치구이,비엔케찹볶음,아삭고추무침
217,쌀밥,배추된장국,짬뽕불고기,감자채볶음,하루나겉절이
218,쌀밥,콩나물국,고추잡채,꽁치김치말이,올방개묵무침
219,쌀밥,된장찌개,마늘간장치킨,홍어채무침,가지나물
220,쌀밥,꽃게탕,쇠고기버섯볶음,양배추,오이무침
221,쌀밥,얼갈이국,떡갈비조림,동태전,치커리유자청무침
222,쌀밥,동태찌개,돈육간장불고기,두부새싹구이,풋마늘대무침
223,쌀밥,열무된장국,닭갈비,우엉잡채,포기김치
224,콩나물밥,가쯔오장국,미트볼케찹조림,꽃맛살샐러드,군고구마
225,쌀밥,시래기국,오징어볶음,소세지감자조림,쑥갓두부무침
226,쌀밥,순두부찌개,수제돈까스,꽈리고추어묵볶음,물미역초장
227,쌀밥,사골떡국,쇠고기낙지볶음,부추깻잎전,통도라지구이
228,쌀밥,홍합탕,매운동태찜,언양식불고기,콩나물파채절이
229,곤드레밥,황태국,동그랑땡전,비빔메밀국수,꽈리고추멸치볶음
230,쌀밥,육개장,굴비구이,두반장감자볶음,청경채생채
231,쌀밥,된장찌개,레몬탕수육,주꾸미초무침,어묵볶음
232,쌀밥,콩나물국,동파육,무쌈말이,쫑상추무침
233,쌀밥,쇠고기미역국,주꾸미떡볶음,고기전,두반장가지볶음
234,비빔밥,팽이장국,생선까스,씨리얼과일샐러드,오복지무침
235,쌀밥,어묵국,매운닭찜,모듬버섯구이,봄동된장무침
236,쌀밥,짬뽕국,미니함박조림,잡채,치커리유자생채
237,쌀밥,얼갈이된장국,오징어볶음,꽃맛살햄볶음,참나물땅콩무침
238,쌀밥,순두부찌개,쇠고기숙주볶음,삼색묵무침,시금치초생채
239,쌀밥,아욱국,훈제오리구이,옥수수전,무쌈
240,쌀밥,수제비국,유자청돈육볶음,두부새싹구이,청경채무침
241,쌀밥,닭개장,가자미카레튀김,비엔나케찹볶음,파래김
242,쌀밥,냉이콩나물국,닭볶음,새송이버섯전,마늘쫑무침
243,쌀밥,알탕,돈육간장불고기,감자채볶음,깻잎찜
244,카레덮밥,맑은국,유린기,개성감자만두,오이사과무침
245,쌀밥,배추된장국,소갈비찜,삼색꼬지전,콩나물무침
246,쌀밥,미역국,언양식불고기,양잡피잡채,진미채무침
247,쌀밥,시금치된장국,고추장불고기,닭살겨자채,모듬쌈
248,쌀밥,굴김치두부국,스위트칠리미트볼,갈치구이,치커리생채
249,쌀밥,콩나물국,소고기낙지볶음,연두부찜,무생채
250,쌀밥,냉이된장찌개,닭갈비,감자전,단배추나물
251,쌀밥,대구매운탕,유산슬,땅콩멸치볶음,실곤약무침
252,콩나물밥,맑은국,닭오븐구이,춘권,물미역무침
253,쌀밥,배추국,수제돈까스,명태조림,치커리생채
254,오곡밥,소고기무국,굴비구이,홍어무침,보름나물
255,쌀밥,쇠고기미역국,제육볶음,두부구이,도라지오이생채
256,쌀밥,된장찌개,주꾸미볶음,돈육잡채,숙주나물
257,쌀밥,들깨시래기국,순살파닭,해물김치전,다시마쌈
258,쌀밥,홍합탕,소불고기,오징어초무침,얼갈이나물
259,쌀밥,어묵국,등갈비김치찜,동태전,부추무침
260,쌀밥,열무된장국,동파육,새송이버섯전,치커리유자무침
261,쌀밥,버섯들깨탕,낙지볶음,야채계란찜,취나물
262,비빔밥,유부장국,생선까스,파스타샐러드,마늘쫑볶음
263,쌀밥,콩나물국,돼지갈비찜,메추리알조림,브로컬리초장
264,쌀밥,수제비국,깐풍기,어묵볶음,톳무침
265,쌀밥,봄동된장국,훈제오리구이,녹두김치전,양파절임
266,쌀밥,사골떡국,언양식불고기,콩나물동태찜,돌나물무침
267,쌀밥,돈육김치찌개,팝콘치킨,고등어조림,해초무침
268,카레덮밥,맑은국,미니채소떡갈비,군만두,무피클
269,쌀밥,어묵국,순살닭갈비,동그랑땡전,치커리사과무침
270,쌀밥,토란탕,돈육칠리강정,꽁치한마리구이,봄동달래무침
271,곤드레밥,미소국,오징어볶음,햄감자채볶음,고추간장지
272,쌀밥,아욱국,마늘치킨,골뱅이무침,숙주나물
273,쌀밥,얼큰순두부찌개,해물청경채볶음,계란말이,도라지오이생채
274,쌀밥,오징어국,버섯불고기,야채계란찜,파래김
275,쌀밥,동태찌개,미트볼케찹조림,우엉잡채,방풍나물
276,쌀밥,근대국,양념찜닭,옥수수전,건새우마늘쫑볶음
277,쌀밥,옹심이만두국,돈육굴소스볶음,콩나물겨자채,모듬쌈
278,쌀밥,고추장찌개,치킨커틀렛,연근땅콩조림,시금치나물
279,쌀밥,아욱국,콩나물불고기,맛살전,상추무침
280,쌀밥,냉이된장찌개,쇠고기장조림,굴비구이,부추생채
281,쌀밥,돈육김치찌개,유린기,비엔나볶음,세발나물
282,쌀밥,콩가루배추국,돼지갈비찜,물파래전,통도라지구이
283,쌀밥,대구매운탕,고추잡채,올방개묵무침,김구이
284,쌀밥,알탕,소고기숙주볶음,오꼬노미계란말이,얼갈이나물
285,쌀밥,소고기미역국,주꾸미볶음,탕평채,시금치나물
286,비빔밥,팽이장국,언양식불고기,땅콩조림,바나나
287,쌀밥,북어콩나물국,사천식탕수육,김치전,쑥갓두부무침
288,쌀밥,쇠고기무국,생선커틀렛,닭가슴살장조림,콩나물무침
289,쌀밥,꽃게탕,훈제오리,오이달래무침,쌈무
290,쌀밥,된장찌개,쇠불고기,동태전,도토리묵무침
291,짜장덮밥,맑은계란국,유산슬,부추만두,단무지무침
292,쌀밥,근대국,마늘치킨,감자채전,크래미숙주무침
293,쌀밥,육개장,미니채소떡갈비,버섯구이,참나물생채
294,쌀밥,얼갈이국,쇠고기낙지볶음,날치알계란찜,비름나물
295,쌀밥,김치찌개,해물누룽지탕,우엉잡채,청경채무침
296,쌀밥,들깨미역국,삼겹살오븐구이,맛살콩나물냉채,파채상추무침
297,쌀밥,황태국,닭데리야끼조림,매운어묵볶음,시금치나물
298,쌀밥,쇠고기샤브국,오징어볶음,메추리알조림,머위된장나물
299,쌀밥,된장찌개,돈육굴소스볶음,오징어숙회무침,방풍나물
300,쌀밥,들깨시래기국,쇠고기장조림,시금치프리타타,도라지생채
301,곤드레밥,맑은국,탕수어,쫄면무침,요플레
302,쌀밥,아욱국,등갈비김치찜,참치야채전,가지나물
303,쌀밥,콩나물김치국,버섯불고기,브로컬리맛살볶음,부추생채
304,쌀밥,부대찌개,언양식불고기,계란장조림,아삭고추된장무침
305,쌀밥,차돌박이찌개,닭강정,콩나물잡채,도토리묵무침
306,비빔밥,맑은국,오징어튀김,견과류조림,하와이안샐러드
307,쌀밥,미역국,매콤함박스테이크,삼치구이,영양부추생채
308,쌀밥,꽃게찌개,탕수육,곤약야채무침,숙주나물
309,쌀밥,참치김치찌개,훈제오리구이,올방개묵무침,부추생채
310,쌀밥,들깨미역국,닭갈비,생선까스,무생채
311,쌀밥,고추장찌개,쇠불고기,홍어채무침,머위대들깨볶음
312,쌀밥,된장찌개,제육볶음,잡채,콩나물무침
313,쌀밥,콩가루배추국,낙지볶음,새송이버섯전,비름나물
314,쌀밥,옹심이만두떡국,유린기,카레감자채볶음,마늘쫑무침
315,쌀밥,콩비지찌개,돈육꽈리고추볶음,매운어묵볶음,치커리유자청무침
316,쌀밥,쇠고기샤브국,오징어볶음,맛살계란찜,양념깻잎지
317,쌀밥,열무된장국,쇠고기장조림,동태전,미나리오이무침
318,쌀밥,부대찌개,굴비구이,고추잡채,청경채무침
319,쌀밥,새우살미역국,순살양념치킨,콩나물겨자채,참나물생채
320,쌀밥,시금치된장국,제육볶음,버섯구이,양배추
321,쌀밥,소고기국,간장찜닭,부추전,해초무침
322,콩나물밥,김치국,고등어구이,감자프리타타,고추지
323,쌀밥,들깨시래기국,오리불고기,두부조림,상추겉절이
324,쌀밥,콩나물국,주꾸미떡볶음,동그랑땡전,부추생채
325,쌀밥,황태국,소불고기,계란찜,청경채사과생채
326,쌀밥,얼갈이된장국,동파삼겹수육,맛살전,아삭고추무침
327,비빔밥,가쯔오장국,탕수만두,콥샐러드,오이지무침
328,쌀밥,오이냉국,등갈비김치찜,어묵볶음,참나물땅콩무침
329,쌀밥,돈육김치찌개,삼치된장구이,모듬소세지볶음,도토리묵무침
330,쌀밥,근대국,돈육굴소스볶음,계란말이,모둠쌈
331,쌀밥,콩나물국,훈제오리구이,새송이버섯전,쌈무
332,쌀밥,얼갈이된장국,미니채소떡갈비,골뱅이무침,숙주나물
333,쌀밥,호박잎된장찌개,깐풍기,어묵꽈리고추볶음,실곤약초무침
334,쌀밥,연두부탕,쇠고기숙주볶음,홍어채무침,고구마순나물
335,쌀밥,도토리묵냉국,쭈꾸미볶음,늙은호박전,치커리사과생채
336,곤드레밥,가쯔오장국,치킨핑거,파스타샐러드,견과류조림
337,쌀밥,쇠고기샤브국,갈치구이,메추리알조림,무생채
338,쌀밥,아욱된장국,삼겹살구이,감자채볶음,쫑상추무침
339,쌀밥,들깨시래기국,유자청제육볶음,해물부추전,오이도라지생채
340,쌀밥,오이지냉국,고등어김치말이,감자비엔나볶음,연근조림
341,카레덮밥,유부주머니국,언양식불고기,떡볶이,수박
342,쌀밥,쇠고기미역국,해물누룽지탕,비빔야채만두,양념깻잎지
343,쌀밥,나가사끼짬뽕국,닭갈비,셀프무쌈말이,콩나물무침
344,쌀밥,차돌박이찌개,훈제오리고추장볶음,곤약흑임자무침,양배추
345,쌀밥,북어콩나물국,오징어볶음,동그랑땡구이,시금치나물
346,콩나물밥,얼갈이된장국,삼치구이,잡채,아삭고추무침
347,쌀밥,우무묵냉국,갈릭돈까스,두부양념조림,부추생채
348,쌀밥,꼬지어묵탕,매운닭찜,감자채전,미역줄기볶음
349,쌀밥,콩나물국,짬뽕불고기,계란찜,청경채겉절이
350,쌀밥,배추된장국,낙지볶음,고기전,미역레몬초무침
351,짜장덮밥,계란국,유산슬,군만두,단무지
352,쌀밥,아욱된장국,등갈비김치찜,어묵볶음,참나물
353,쌀밥,오이냉국,유린기,도토리묵무침,숙주나물
354,쌀밥,콩나물국,버섯불고기,해물겨자냉채,우엉조림
355,쌀밥,어묵국,주꾸미떡볶음,두부계란구이,브로컬리초장
356,<초복특식>,삼계탕,찹쌀밥,생야채&쌈장,수박
357,쌀밥,근대국,돼지갈비찜,동태전,치커리유자청무침
358,쌀밥,부대찌개,갈치조림,버섯잡채,쑥갓두부무침
359,쌀밥,무채국,돈육고추장볶음,간장두부조림,모듬양채쌈
360,쌀밥,열무된장국,간장찜닭,통도라지구이,치커리무침
361,고기덮밥,맑은국,양장피잡채,오꼬노미야끼,천도복숭아
362,쌀밥,소고기매운무국,오징어굴소스볶음,모둠버섯구이,오이무침
363,쌀밥,닭곰탕,미트볼케찹조림,메밀전,영양부추생채
364,쌀밥,어묵탕,콩나물불고기,동그랑땡전,얼갈이된장무침
365,쌀밥,된장찌개,가자미카레튀김,닭살냉채,참나물무침
366,비빔밥,미소장국,파스타샐러드,소세지오븐구이,오렌지
367,쌀밥,콩나물냉국,순살파닭,오징어브로컬리,멸치크렌베리볶음
368,쌀밥,쇠고기샤브국,주꾸미떡볶음,연두부,해초무침
369,쌀밥,연두부탕,쇠고기숙주볶음,홍어채무침,시래기조림
370,쌀밥,부대찌개,해물누룽지탕,우엉잡채,머위대나물
371,쌀밥,꽃게탕,미니채소떡갈비,두부계란구이,치커리사과생채
372,쌀밥,오이미역냉국,닭오븐구이,꽈리고추어묵조림,무생채
373,쌀밥,콩나물국,제육볶음,메추리알조림,호박잎
374,쌀밥,어묵국,쇠고기낙지볶음,새송이버섯전,참나물땅콩무침
375,쌀밥,미역국,닭갈비,시금치프리타타,마늘쫑무침
376,쌀밥,도토리묵냉국,수제돈까스,두부양념조림,단배추나물
377,쌀밥,돈육김치찌개,갈치구이,비엔나감자볶음,셀프무쌈말이
378,쌀밥,고추장찌개,돈육보쌈,쌈&야채스틱,어묵볶음
379,쌀밥,된장찌개,짬뽕불고기,옥수수계란찜,청경채생채
380,쌀밥,쇠고기무국,오징어볶음,모듬묵양념장,오이무침
381,쌀밥,들깨시래기국,매운닭찜,임연수구이,치커리무침
382,짜장덮밥,맑은국,해물까스,부추만두,단무지
383,쌀밥,조랭이떡미역국,소고기불고기,김치전,콩나물무침
384,쌀밥,해물된장찌개,표고버섯탕수육,두부조림,간장깻잎지
385,곤드레밥,가쯔오장국,가자미양념찜,감자채볶음,검정콩조림
386,쌀밥,쇠고기샤브국,주꾸미굴소스볶음,볼어묵볶음,비름나물
387,쌀밥,알탕,미트볼케찹조림,계란말이,마늘쫑무침
388,쌀밥,콩나물국,돈육간장불고기,매운어묵볶음,쑥갓두부무침
389,쌀밥,배추된장국,닭갈비,동태전,치커리사과생채
390,비빔밥,미소장국,언양식불고기,과일샐러드,아삭고추무침
391,쌀밥,육개장,굴비구이,탕수만두,오이무침
392,쌀밥,시래기국,훈제오리구이,두부구이,쌈무
393,쌀밥,북어국,버섯불고기,야채계란찜,실곤약초무침
394,쌀밥,연두부탕,등갈비김치찜,도토리묵무침,땅콩조림
395,쌀밥,꽃게탕,마늘치킨,양배추,고구마줄기볶음
396,쌀밥,쇠고기미역국,오징어볶음,고기전,호박나물
397,쌀밥,열무된장국,동파육,셀프무쌈말이,통도라지구이
398,쌀밥,시래기된장국,유자청제육볶음,오꼬노미야끼계란말이,치커리무침
399,쌀밥,차돌박이찌개,해물누룽지탕,돈육잡채,마늘쫑무침
400,카레덮밥,미소장국,떡갈비조림,모듬묵샐러드,요플레
401,쌀밥,고사리육개장,닭찜,두부계란부침,부추생채
402,쌀밥,참치김치찌개,단호박장조림,고등어구이,참나물무침
403,쌀밥,해물순두부찌개,언양식불고기,감자채전,쫑상추무침
404,쌀밥,들깨버섯국,소고기낙지볶음,비엔나케찹조림,취나물
405,콩나물밥,가쯔오국,감자프리타타,메밀전병만두,아삭고추무침
406,쌀밥,쇠고기샤브국,꽁치구이,김치제육볶음,온두부
407,쌀밥,콩가루배추국,순살양념치킨,콩나물겨자채,모듬묵
408,쌀밥,근대국,짬뽕불고기,실곤약흑임자무침,도라지오이생채
409,쌀밥,시래기들깨탕,닭갈비,해물파전,숙주나물
410,쌀밥,콩나물국,삼겹살구이,어묵볶음,상추파무침
411,쌀밥,차돌박이찌개,매운주꾸미볶음,두부새싹구이,브로컬리초장
412,쌀밥,미역국,쇠불고기,오징어숙회무침,미니케익
413,쌀밥,아욱국,훈제오리구이,계란찜,쌈무
414,쌀밥,고추장찌개,레몬탕수육,궁중떡찜,유채나물
415,쌀밥,해물된장찌개,닭찜,새송이버섯전,얼갈이생채
416,쌀밥,쇠고기무국,오징어볶음,메추리알조림,치커리유자청무침
417,쌀밥,차돌박이찌개,제육볶음,모둠쌈,해파리겨자채
418,쌀밥,근대국,고등어조림,고추잡채,참나물생채
419,쌀밥,민물새우찌개,수제돈가스,시금치프리타타,오이무침
420,쌀밥,새알미역국,유린기,마파두부,가지나물
421,쌀밥,쇠고기매운버섯국,해물청경채볶음,메밀부추전,도라지초무침
422,쌀밥,콩나물국,버섯불고기,홍어채무침,마늘쫑볶음
423,쌀밥,배추된장국,쭈꾸미볶음,두부계란부침,미역줄기볶음
424,곤드레밥,가쯔오장국,갈치조림,쇠고기잡채,쑥갓두부무침
425,쌀밥,육개장,치킨핑거,도토리묵무침,물파래무침
426,쌀밥,시금치국,돼지갈비찜,어묵볶음,무나물
427,쌀밥,들깨시래기국,닭갈비,연두부,취나물
428,쌀밥,근대국,돈삼겹보쌈,옥수수전,콩나물파채
429,카레덮밥,맑은국,개성감자만두,파스타샐러드,군고구마
430,쌀밥,사골떡국,오징어볶음,계란말이,치커리사과생채
431,쌀밥,된장찌개,누룽지탕수육,실곤약초무침,톳두부무침
432,쌀밥,콩가루배추국,짬뽕불고기,참치야채전,호박나물
433,쌀밥,오징어국,수제돈까스,삼치구이,봄동겉절이
434,콩나물밥,미역장국,언양식불고기,도라지오이무침,과일샐러드
435,쌀밥,해물된장찌개,매운닭찜,두부조림,시금치나물
436,쌀밥,올갱이아욱국,등갈비김치찜,들깨버섯무침,숙주나물
437,쌀밥,시금치국,소고기불고기,해물파전,통도라지구이
438,쌀밥,새알미역국,돼지갈비찜,두부새싹구이,세발나물
439,곤드레밥,청양된장찌개,굴비구이,궁중떡볶이,무생채
440,쌀밥,북어계란국,찜닭,메밀전병만두,가지무침
441,쌀밥,콩비지찌개,미니채소떡갈비,동태전,양념깻잎지
442,쌀밥,차돌박이찌개,오징어볶음,계란말이,치커리유자청무침
443,쌀밥,어묵국,순살파닭,맛살겨자채,물파래무침
444,영양밥,가쯔오장국,돈육칠리강정,모듬묵샐러드,숙주나물
445,쌀밥,쇠고기무국,갈치구이,고추잡채,오이무침
446,쌀밥,꽃게탕,돈육굴소스볶음,새송이버섯전,물미역
447,쌀밥,아욱국,버섯불고기,골뱅이무침,무나물
448,쌀밥,연두부탕,사천식탕수육,견과류조림,참나물생채
449,비빔밥,미소장국,코다리조림,과일샐러드,군고구마
450,쌀밥,들깨시래기국,제육볶음,메추리알조림,콩나물무침
451,쌀밥,동태탕,찜닭,옥수수전,취나물
452,쌀밥,들깨무채국,돈육피망볶음,모둠쌈,해파리겨자채
453,쌀밥,소고기된장찌개,낙지볶음,계란찜,오이생채
454,콩나물밥,유부주머니국,생선까스&탈탈소스,두부양념조림,단호박범벅
455,쌀밥,봄동된장국,닭볶음탕,부추전,마늘쫑건새우볶음
456,쌀밥,부대찌개,미트볼케찹조림,사각어묵볶음,김구이
457,쌀밥,해물된장찌개,돈육굴소스볶음,홍어채무침,양념깻잎지
458,쌀밥,차돌박이찌개,해물누룽지탕,계란말이,오이미역무침
459,카레덮밥,미소장국,떡갈비조림,모듬묵,요플레
460,쌀밥,우거지해장국,명태코다리조림,비엔나케찹볶음,시금치나물
461,쌀밥,들깨시래기국,표고버섯탕수육,두부오꼬노미야끼,마늘쫑무침
462,쌀밥,오징어국,버섯불고기,실곤약초무침,상추쑥갓생채
463,쌀밥,달래된장국,주꾸미볶음,시금치프리타타,물미역
464,쌀밥,민물새우찌개,동파육,새송이버섯전,파채콩나물무침
465,쌀밥,순두부찌개,훈제오리구이,어묵볶음,쌈무
466,쌀밥,콩나물국,간장마늘치킨,오징어초무침,무나물
467,쌀밥,꽃게탕,언양식불고기,날치알계란찜,호박나물
468,쌀밥,쇠고기미역국,오징어볶음,동그랑땡전,무쌈말이
469,쌀밥,아욱된장국,돼지갈비찜,콩나물겨자채,참나물무침
470,쌀밥,어묵국,닭볶음탕,연근땅콩조림,파래김
471,쌀밥,사골떡국,한방소갈비찜,김치전,오이무침
472,곤드레밥,청량된장찌개,굴비구이,궁중떡볶이,무생채
473,쌀밥,콩가루배추국,제육볶음,고구마그라탕,모둠쌈
474,쌀밥,부대찌개,깐풍기,곤약어묵볶음,매운콩나물무침
475,쌀밥,황태국,소불고기,계란찜,청경채사과생채
476,쌀밥,근대국,양파치킨,비엔나케찹볶음,유채나물
477,콩나물밥,맑은국,고추잡채,해물까스,참나물생채
478,쌀밥,봄동된장국,오징어돈육볶음,참치야채전,호박나물
479,쌀밥,차돌박이찌개,명태코다리강정,모둠버섯볶음,양념깻잎지
480,쌀밥,아욱국,유자청제육볶음,해물파전,숙주나물
481,쌀밥,꽃게탕,미니채소떡갈비,쫄면무침,참나물땅콩무침
482,비빔밥,가쯔오장국,치킨핑거,마늘쫑볶음,요플레
483,쌀밥,된장찌개,쇠고기장조림,해파리냉채,통도라지구이
484,쌀밥,육개장,탕수어,버섯잡채,무생채
485,쌀밥,북어국,쇠고기숙주볶음,골뱅이무침,세발나물무침
486,쌀밥,시금치된장국,오징어볶음,고기전,봄동겉절이
487,짜장덮밥,맑은국,과일탕수육,개성감자만두,단무지
488,쌀밥,김치콩나물국,돈육굴소스볶음,황태양념구이,모듬쌈
489,쌀밥,연두부탕,순살파닭,늙은호박전,오이사과무침
490,쌀밥,봄동된장국,가래떡돼지갈비찜,콩나물겨자채,참나물무침
491,쌀밥,어묵국,닭볶음,새송이버섯전,가지나물
492,고기덮밥,미소장국,양장피잡채,계란찜,아삭고추무침
493,쌀밥,닭곰탕,매콤미니함박,삼치구이,부추생채
494,쌀밥,차돌박이찌개,표고버섯탕수육,해물김치전,숙주나물
495,쌀밥,순두부찌개,돈육볶음,홍어채무침,시래기조림
496,쌀밥,해물된장찌개,쇠고기장조림,참치야채전,콩나물무침
497,콩나물밥,유부주머니국,언양식불고기,치즈계란말이,도라지오이무침
498,쌀밥,열무된장국,동파삼겹수육,연두부,양념깻잎지
499,쌀밥,부대찌개,해물청경채볶음,메밀전,도토리묵무침
500,쌀밥,차돌박이찌개,닭갈비,실곤약초무침,양배추
501,쌀밥,아욱된장국,사천식탕수육,모둠버섯볶음,쑥갓두부무침
502,쌀밥,떡국,버섯불고기,오징어숙회무침,취나물
503,쌀밥,들깨미역국,훈제오리구이,두부양념조림,쌈무
504,쌀밥,배추된장국,짬뽕불고기,늙은호박전,청경채사과무침
505,카레덮밥,맑은국,고구마치즈구이,파스타샐러드,오이무침
506,쌀밥,콩나물국,마늘치킨,모둠묵,미역줄기볶음
507,쌀밥,시금치된장국,등갈비김치찜,맛살냉채,쫑상추무침
508,쌀밥,황태국,소고기숙주볶음,새송이버섯전,치커리무침
509,쌀밥,아욱된장국,돼지갈비찜,마늘쫑볶음,곰피초장
510,곤드레밥,어묵국,치킨핑거,도토리묵무침,콩조림
511,쌀밥,차돌박이된장찌개,조기구이,오징어숙회무침,보름나물
512,쌀밥,해물순두부찌개,소고기장조림,해파리냉채,청경채생채
513,쌀밥,근대된장국,닭강정,해물파전,단배추나물
514,콩나물밥,가쯔오국,삼치구이,떡잡채,얼갈이나물
515,쌀밥,홍합탕,오리불고기,탕평채,간장깻잎지
516,쌀밥,쇠고기샤브국,주꾸미볶음,두부새싹구이,참나물무침
517,쌀밥,배추된장국,버섯불고기,시금치프리타타,부추생채
518,쌀밥,쇠고기무국,미트볼케찹조림,우엉잡채,가지나물
519,쌀밥,시금치된장국,탕수어,두부,시래기지짐
520,쌀밥,동태탕,닭데리야끼조림,어묵볶음,숙주나물
521,쌀밥,얼갈이국,오징어볶음,동그랑땡전,세발나물
522,쌀밥,어묵국,돈육간장볶음,골뱅이무침,무나물
523,쌀밥,된장찌개,해물누룽지탕,고기전,견과류조림
524,쌀밥,쇠고기미역국,닭볶음탕,도토리묵무침,양배추
525,쌀밥,우거지해장국,코다리강정,계란말이,청경채나물
526,쌀밥,열무된장국,수제돈까스,메추리알곤약조림,참나물생채
527,쌀밥,차돌박이찌개,닭갈비,새송이버섯조림,치커리사과무침
528,쌀밥,콩나물국,등갈비김치찜,부추전,흑임자연근샐러드
529,카레덮밥,유부장국,유린기,볼어묵볶음,오복지
530,쌀밥,얼큰소고기국,고추잡채,계란찜,숙주나물
531,쌀밥,참치김치찌개,주꾸미볶음,미니함박조림,취나물무침
532,쌀밥,들깨버섯국,소고기낙지볶음,비엔나간장볶음,아삭고추무침
533,쌀밥,동태매운탕,언양식불고기,잡채,쑥갓두부무침
534,곤드레밥,가쯔오장국,닭오븐구이,오징어숙회무침,시저샐러드
535,쌀밥,쑥된장국,류산슬,오꼬노미야끼계란말이,오이도라지생채
536,쌀밥,수제비국,양념치킨,연두부,진미채무침
537,쌀밥,콩나물국,제육볶음,해파리냉채,모듬쌈
538,쌀밥,민물새우찌개,소고기장조림,홍어채무침,참나물땅콩무침
539,쌀밥,아욱국,오징어볶음,새싹두부구이,해초무침
540,쌀밥,순두부찌개,코다리양념조림,모듬소시지구이,청경채사과무침
541,쌀밥,근대국,안동찜닭,해물김치전,부추생채
542,쌀밥,배추된장국,짬뽕불고기,버섯잡채,청포묵무침
543,쌀밥,무채국,훈제오리구이,두부조림,양파절임
544,콩나물밥,열무된장국,치킨핑거,궁중떡볶음,오이미역무침
545,쌀밥,알탕,돈육간장볶음,실곤약초무침,가지나물
546,쌀밥,돈육김치찌개,가자미카레튀김,야채계란찜,쫑상추무침
547,쌀밥,콩나물국,류산슬,계란말이,오이도라지무침
548,쌀밥,쇠고기미역국,깐풍기,꽁치김치말이,청경채새송이볶음
549,비빔밥,유부장국,오징어튀김,떡밤초,요플레
550,쌀밥,시래기국,닭매운찜,호박전,쑥갓두부무침
551,쌀밥,순두부찌개,삼겹살구이,쫄면무침,상추부추생채
552,쌀밥,어묵국,닭데리야끼조림,꽃맛살볶음,치커리무침
553,고기덮밥,유부장국,양장피잡채,오꼬노미야끼,오렌지
554,쌀밥,도토리묵냉국,수제돈까스,어묵볶음,오이미역무침
555,쌀밥,무청된장국,콩나물제육볶음,임연수구이,취나물무침
556,쌀밥,배추된장국,버섯불고기,시금치프리타타,무생채
557,쌀밥,돈육김치찌개,탕수어,우엉잡채,도라지무침
558,쌀밥,근대국,돈육굴소스볶음,해파리겨자채,양배추
559,쌀밥,소고기무국,오징어볶음,두부계란부침,미역줄기볶음
560,쌀밥,시금치된장국,훈제오리구이,실곤약무침,무쌈
561,쌀밥,얼갈이된장국,등갈비김치찜,새송이버섯전,참나물생채
562,카레덮밥,맑은국,고구마치즈구이,어묵꽈리고추볶음,오이무침
563,쌀밥,콩나물국,닭볶음탕,탕평채,영양부추무침
564,쌀밥,차돌박이된장찌개,주꾸미볶음,동그랑땡전,양념깻잎지
565,쌀밥,시래기들깨탕,짬뽕불고기,멸치볶음,상추파무침
566,곤드레밥,얼갈이된장국,마늘치킨,오징어&브로컬리,고추지무침
567,쌀밥,조랭이떡국,돼지갈비찜,두부구이,치커리생채
568,쌀밥,사과오이냉국,꽁치오븐구이,떡갈비조림,청경채무침
569,쌀밥,미역국,제육볶음,두부양념조림,모듬쌈
570,쌀밥,김치찌개,해물청경채볶음,버섯잡채,올방개묵무침
571,콩나물밥,유부장국,수제돈가스,파스타샐러드,무생채
572,쌀밥,오징어국,동파삼겹수육,메밀부추전,깻잎지
573,쌀밥,우거지해장국,치킨핑거,명태양념조림,오이생채
574,쌀밥,콩나물국,돈육간장볶음,계란말이,부추생채
575,쌀밥,된장찌개,닭갈비,해파리겨자채,취나물
576,쌀밥,순두부찌개,고추잡채,갈치구이,도라지생채
577,쌀밥,대구매운탕,완자전,곤약메추리알조림,마늘쫑볶음
578,쌀밥,배추된장국,버섯불고기,골뱅이무침,콩나물무침
579,쌀밥,육개장,고등어김치말이,모듬소시지구이,청경채무침
580,쌀밥,근대국,순살파닭,카레감자채볶음,호박나물
581,쌀밥,부대찌개,오징어볶음,연두부,브로컬리맛살볶음
582,쌀밥,미역국,훈제오리구이,쫄면무침,무쌈
583,쌀밥,꽃게탕,삼치데리야끼,비엔나케찹볶음,아삭고추무침
584,비빔밥,팽이장국,미니채소떡갈비,땅콩조림,방울토마토
585,쌀밥,오이냉국,짬뽕불고기,명란계란말이,상추파무침
586,쌀밥,닭개장,코다리강정,잡채,도토리묵무침
587,쌀밥,어묵국,닭갈비,시금치프리타타,해초무침
588,쌀밥,돈육김치찌개,류산슬,생선커틀릿,영양부추무침
589,카레덮밥,가쯔오장국,깐풍육,구운채소,오복지무침
590,쌀밥,들깨버섯국,매운돼지갈비찜,메추리알곤약조림,도라지오이생채
591,쌀밥,육개장,동태무조림,메밀전병만두,올방개묵무침
592,쌀밥,콩나물국,유자청제육볶음,계란말이,미역줄기볶음
593,쌀밥,아욱국,소고기장조림,홍어채무침,가지나물
594,곤드레밥,맑은국,탕수어,오이무침,찐옥수수
595,쌀밥,근대국,닭볶음탕,해물파전,도라지나물
596,쌀밥,도토리묵냉국,동파삼겹수육,매운어묵볶음,쫑상추무침
597,쌀밥,고추장찌개,돈육굴소스볶음,브로컬리오징어숙회,숙주나물
598,쌀밥,쇠고기매운국,훈제오리구이,우엉잡채,양파절임
599,비빔밥,미소장국,오징어튀김,견과류조림,과일샐러드
600,쌀밥,호박잎된장찌개,깐풍기,해파리겨자채,도토리묵
601,쌀밥,어묵국,등갈비김치찜,연두부,콩나물무침
602,쌀밥,된장찌개,소불고기,동그랑땡전,실곤약야채무침
603,삼계탕,찹쌀밥,생야채,참나물생채,수박
604,콩나물밥,유부장국,해물까스,메추리알조림,찐햇감자
605,쌀밥,해물순두부찌개,안동찜닭,부추전,청경채무침
606,쌀밥,우무콩국,유자청제육볶음,통도라지구이,호박잎
607,쌀밥,어묵국,돈육굴소스볶음,오징어야채무침,간장깻잎지
608,쌀밥,우거지해장국,삼치양념구이,함박스테이크,아삭고추무침
609,쌀밥,쇠고기샤브국,유린기,사각어묵볶음,오이사과생채
610,쌀밥,오이지냉국,매운돼지갈비찜,콩나물냉채,참나물땅콩무침
611,쌀밥,닭곰탕,주꾸미떡볶음,새송이버섯전,치커리유자청무침
612,쌀밥,근대국,닭갈비,시금치프리타타,도라지오이생채
613,쌀밥,콩나물국,짬뽕불고기,버섯잡채,가지나물
614,카레덮밥,가쯔오장국,떡갈비조림,감자만두,오복지
615,쌀밥,돈육김치찌개,갈치양념조림,옥수수전,청경채사과무침
616,쌀밥,연두부탕,닭오븐구이,꽈리고추어묵조림,브로컬리
617,쌀밥,콩나물김치국,소불고기,골뱅이무침,호박나물
618,쌀밥,얼갈이된장국,오징어볶음,닭살겨자냉채,미역줄기볶음
619,비빔밥,맑은국,깐풍육,꽃맛살샐러드,찐옥수수
620,쌀밥,미역오이냉국,돈육장조림,온두부,양념깻잎지
621,쌀밥,된장찌개,굴비구이,미트볼케찹조림,사과맛살초무침
622,쌀밥,들깨버섯국,제육볶음,계란찜,참나물무침
623,쌀밥,차돌박이된장찌개,해물누룽지탕,쫄면야채무침,해초무침
624,쌀밥,닭개장,동태포전,주꾸미굴소스볶음,아삭고추무침
625,쌀밥,알탕,쇠고기단호박조림,두부오꼬노미야끼,콩나물무침
626,쌀밥,시금치된장국,훈제오리구이,실곤약무침,무쌈
627,쌀밥,미역국,소고기불고기,양념두부조림,도라지나물
628,비빔밥,미소장국,해물까스,궁중떡볶이,영양모듬견과
629,쌀밥,된장찌개,꽁치레몬구이,동그랑땡,무생채
630,쌀밥,우무묵냉국,마늘치킨,계란말이,치커리생채
631,쌀밥,배추된장국,돈육간장불고기,홍어채무침,어묵볶음
632,쌀밥,쇠고기샤브국,탕수어,쫄면무침,참나물땅콩무침
633,콩나물밥,팽이장국,치킨핑거,메추리알조림,과일샐러드
634,쌀밥,근대국,모듬장조림,마파두부,숙주나물
635,쌀밥,조랭이떡국,소고기낙지볶음,두부새싹구이,도라지생채
636,쌀밥,콩나물국,버섯불고기,브로컬리오징어숙회,취나물
637,쌀밥,들깨시래기국,동파삼겹수육,녹두전,야채스틱
638,고기덮밥,맑은국,샐러드파스타,오징어튀김,무생채
639,쌀밥,꽃게탕,간장찜닭,연두부,마늘쫑무침
640,쌀밥,미역국,매운주꾸미볶음,새송이버섯전,건파래무침
641,쌀밥,연두부국,돈육고추장불고기,감자채볶음,양배추
642,쌀밥,쇠고기미역국,닭매운찜,두부스테이크,흑임자연근샐러드
643,고기덮밥,가쯔오장국,오징어튀김,구운채소,오복지무침
644,쌀밥,시래기국,등갈비김치찜,부추전,콩나물무침
645,쌀밥,고추장찌개,언양식불고기,계란말이,상추파무침
646,쌀밥,어묵국,돈육굴소스볶음,골뱅이무침,무생채
647,쌀밥,닭개장,류산슬,김치전,아삭고추무침
648,카레덮밥,유부장국,감자프리타타,메밀전병만두,쨔샤이무침
649,쌀밥,꽃게탕,소고기장조림,명태조림,파래김
650,쌀밥,아욱된장국,돼지갈비찜,쭈꾸미숙회무침,송편
651,쌀밥,어묵탕,돈육고추장불고기,감자채볶음,모듬쌈
652,곤드레밥,맑은국,돈육강정,사과고구마그라탱,오이초무침
653,쌀밥,들깨버섯국,오징어볶음,단호박계란찜,청경채사과무침
654,쌀밥,설렁탕,김치전,오징어젓무침,야채스틱
655,쌀밥,열무된장국,버섯불고기,맛살겨자채,깻잎지
656,쌀밥,매운소고기무국,조기구이,우엉잡채,참나물생채
657,콩나물밥,유부장국,생선가스,가래떡구이,땅콩조림
658,쌀밥,감자국,김치제육볶음,해물파전,브로컬리들깨찜
659,쌀밥,오징어국,닭갈비,연두부,호박나물
660,쌀밥,고추장찌개,돈육간장불고기,야채계란찜,오이무침
661,쌀밥,콩비지찌개,닭볶음탕,메밀전병만두,파래김
662,쌀밥,콩나물국,등갈비김치찜,어묵볶음,톳두부무침
663,쌀밥,얼갈이국,쇠고기낙지볶음,시금치프리타타,방풍나물
664,쌀밥,근대국,오징어볶음,두부새싹구이,시금치나물
665,쌀밥,황태국,소불고기,홍어채무침,콩나물무침
666,쌀밥,어묵국,동파삼겹수육,실곤약야채무침,쫑상추무침
667,쌀밥,콩나물국,수제돈가스,닭살겨자채,반달호박나물
668,쌀밥,시래기국,마늘간장치킨,새송이버섯전,청경채생채
669,쌀밥,배추된장국,훈제오리구이,참치야채전,무쌈
670,쌀밥,쇠고기샤브국,오징어볶음,단호박계란찜,도라지초무침
671,쌀밥,매운콩나물국,닭데리야끼구이,해파리냉채,치커리생채
672,곤드레밥,맑은국,사천식탕수육,탕평채,오징어젓무침
673,쌀밥,미역국,닭갈비,동태포전,무생채
674,쌀밥,육개장,고등어구이,비엔나케찹볶음,연근조림
675,쌀밥,순두부찌개,소고기불고기,골뱅이무침,아삭고추무침
676,쌀밥,청국장찌개,돈육강정,두부양념조림,유채나물
677,콩나물밥,팽이장국,치킨핑거,꽃맛살샐러드,얼갈이겉절이
678,쌀밥,아욱국,유자청제육볶음,오징어숙회무침,상추무침
679,쌀밥,알탕,언양식불고기,부추깻잎전,도토리묵무침
680,쌀밥,꽃게탕,돈육굴소스볶음,매운어묵볶음,콩나물무침
681,쌀밥,들깨시래기국,주꾸미볶음,메추리알조림,통도라지구이
682,카레덮밥,맑은국,새우까스,파스타샐러드,오이무침
683,쌀밥,콩나물국,닭볶음탕,두부구이,물파래무침
684,쌀밥,근대국,버섯불고기,쫄면무침,취나물
685,쌀밥,얼갈이국,닭갈비,감자프리타타,참나물생채
686,쌀밥,배추된장국,짬뽕불고기,늙은호박전,연두부
687,비빔밥,가쯔오장국,오징어튀김,과일샐러드,군고구마
688,쌀밥,두부김치국,레몬탕수육,어묵꽈리고추볶음,물미역
689,쌀밥,매운버섯국,해물누룽지탕,계란말이,얼갈이생채
690,쌀밥,미역국,쇠고기낙지볶음,계란찜,세발나물
691,쌀밥,차돌박이찌개,유린기,모듬버섯볶음,도라지초무침
692,영양밥,유부장국,언양식불고기,주꾸미초무침,파래김
693,쌀밥,콩나물국,오리불고기,셀프무쌈말이,쫑상추무침
694,쌀밥,떡만두국,쇠고기모듬장조림,동그랑땡전,깻잎지
695,쌀밥,아욱국,제육볶음,감자그라탕,콩나물파채무침
696,쌀밥,시금치국,등갈비김치찜,메밀전,도토리묵무침
697,콩나물밥,가쯔오국,가자미튀김,고추잡채,실곤약초무침
698,쌀밥,매운어묵국,동파삼겹수육,맛살전,참나물겉절이
699,쌀밥,동태찌개,치즈함박스테이크,두부조림,방풍나물
700,쌀밥,콩나물국,짬뽕불고기,메추리알조림,건새우마늘쫑볶음
701,쌀밥,연두부탕,닭볶음탕,해물김치전,물파래무침
702,곤드레밥,팽이장국,탕수어,쫄면무침,치커리유자청생채
703,쌀밥,근대국,돼지갈비찜,두부새싹구이,호박나물
704,쌀밥,닭개장,갈치양념조림,고기전,비트무생채
705,쌀밥,열무된장국,훈제오리구이,매운어묵볶음,쌈무
706,쌀밥,아욱국,돈육굴소스볶음,골뱅이무침,얼갈이나물
707,쌀밥,순두부찌개,오징어볶음,계란말이,참나물땅콩무침
708,쌀밥,고추장찌개,버섯불고기,해물동그랑땡,유채나물
709,쌀밥,콩나물국,돈육고추장불고기,감자채볶음,양배추
710,쌀밥,떡국,소갈비찜,해물파전,도라지오이무침
711,쌀밥,차돌박이찌개,안동찜닭,주꾸미초무침,꽈리고추찜
712,쌀밥,두부김치국,언양식불고기,삼치구이,물미역무침
713,쌀밥,시래기국,쇠고기숙주볶음,늙은호박전,부추생채
714,쌀밥,콩나물국,치즈함박스테이크,고등어구이,청경채생채
715,비빔밥,맑은국,치킨핑거,하와이안샐러드,검정콩조림
716,쌀밥,육개장,탕수육,감자프리타타,깻잎지
717,쌀밥,꽃게탕,고추잡채,메밀전,시금치나물
718,쌀밥,알탕,돈육굴소스볶음,감자채볶음,마늘쫑무침
719,쌀밥,어묵국,등갈비김치말이,해파리냉채,치커리유자청생채
720,짜장덮밥,맑은국,유산슬,군만두,단무지
721,쌀밥,봄동된장국,쇠고기낙지볶음,두부스테이크,오이무침
722,쌀밥,콩나물김치국,순살파닭,실곤약초무침,우엉조림
723,쌀밥,고추장찌개,버섯불고기,야채계란찜,오이사과무침
724,쌀밥,배추된장국,닭볶음탕,새송이버섯전,청경채생채
725,콩나물밥,맑은국,생선까스,파스타샐러드,오복지무침
726,쌀밥,얼갈이국,누룽지탕수육,오징어초무침,취나물
727,쌀밥,수제비국,짬뽕불고기,멸치호두볶음,도라지나물
728,쌀밥,된장찌개,김치제육볶음,사과고구마그라탱,브로컬리들깨찜
729,쌀밥,새알만두국,양파치킨,돈육잡채,유채나물
730,카레덮밥,유부장국,새우까스,쫄면무침,오이무침
731,쌀밥,청국장찌개,갈치구이,비엔나감자볶음,콩나물겨자채무침
732,쌀밥,시금치국,동파삼겹수육,해물파전,간장깻잎지
733,쌀밥,열무된장국,훈제오리구이,매운어묵볶음,쌈무
734,쌀밥,황태국,제육볶음,들깨버섯무침,숙주나물
735,쌀밥,어묵국,소불고기,계란말이,실곤약초무침
736,쌀밥,순두부찌개,돈육장조림,옥수수전,물미역
737,비빔밥,맑은국,메추리알조림,고구마튀김,오복지무침
738,쌀밥,꽃게탕,미니채소떡갈비,카레감자채볶음,양배추
739,쌀밥,봄동된장국,오징어볶음,연두부,미역줄기볶음
740,쌀밥,콩비지찌개,치즈함박스테이크,새송이버섯전,유채나물
741,쌀밥,차돌박이찌개,굴비구이,오징어야채무침,보름나물
742,곤드레밥,맑은국,치킨핑거,김치찐만두,무생채
743,쌀밥,아욱국,돼지갈비찜,시금치프리타타,오이무침
744,쌀밥,돈육김치찌개,언양식불고기,맛살냉채,마늘쫑건새우볶음
745,쌀밥,고추장찌개,버섯불고기,두부양념조림,참나물
746,쌀밥,쇠고기미역국,미트볼칠리조림,고등어구이,숙주나물
747,비빔밥,유부장국,오징어튀김,떡밤초,음료
748,쌀밥,콩가루배추된장국,돈삼겹보쌈,매운어묵볶음,무말랭이
749,쌀밥,해물된장찌개,돈육간장불고기,옥수수계란찜,모듬쌈
750,쌀밥,육개장,고추잡채,삼치구이,얼갈이나물
751,콩나물밥,미역장국,코다리강정,닭가슴살냉채,유채나물겉절이
752,쌀밥,북어해장국,소고기낙지볶음,녹두전,돌나물
753,쌀밥,차돌박이찌개,해물누룽지탕,비엔나컬리플라워조림,열무나물무침
754,쌀밥,어묵국,쇠고기숙주볶음,감자프리타타,건새우마늘쫑볶음
755,쌀밥,쑥국,안동찜닭,해물김치전,풋마늘대무침
756,카레덮밥,가쯔오장국,고구마치즈구이,쫄면무침,무말랭이
757,쌀밥,우거지해장국,갈치구이,모듬소시지구이,양념깻잎지
758,쌀밥,열무된장국,등갈비김치찜,메밀전병만두,호박나물
759,쌀밥,콩나물국,버섯불고기,오징어숙회무침,세발나물
760,쌀밥,아욱국,동파육,계란찜,쫑상추무침
761,고기덮밥,맑은국,야채튀김,시저샐러드,오이무침
762,쌀밥,미역국,한방소갈비찜,동태전,봄동겉절이
763,쌀밥,해물된장찌개,돈육굴소스볶음,달래두부무침,양배추
764,쌀밥,꽃게탕,소고기장조림,두부구이,방풍나물
765,쌀밥,무채국,제육볶음,들깨버섯무침,얼갈이나물
766,영양밥,가쯔오장국,돈육칠리강정,모듬묵샐러드,숙주나물
767,쌀밥,어묵탕,매운돼지갈비찜,야채계란말이,부추팽이겉절이
768,쌀밥,알탕,미니함박조림,셀프무쌈말이,파래김
769,쌀밥,황태국,소고기숙주볶음,계란찜,치커리무침
770,쌀밥,연두부탕,오징어볶음,궁중떡볶음,참나물무침
771,곤드레밥,들깨시래기국,순대볶음,쫄면,온두부
772,쌀밥,돈육김치찌개,안동찜닭,야채비빔만두,아삭고추무침
773,쌀밥,조랭이떡미역국,짬뽕불고기,맛살전,간장깻잎지
774,쌀밥,된장찌개,유자청돈육볶음,새송이버섯전,모듬쌈
775,쌀밥,순두부찌개,주꾸미볶음,감자채볶음,견과류조림
776,비빔밥,가쯔오장국,오징어튀김,과일샐러드,오복지
777,쌀밥,콩나물국,수제돈까스,파스타샐러드,오이무침
778,쌀밥,아욱국,닭오븐구이,옥수수전,치커리사과생채
779,쌀밥,매운어묵국,버섯불고기,시금치프리타타,도라지오이생채
780,쌀밥,열무된장국,닭볶음탕,우엉잡채,고구마순나물
781,쌀밥,떡국,오징어볶음,계란장조림,양념깻잎지
782,쌀밥,매운버섯국,미트볼케찹조림,어묵볶음,세발나물
783,짜장덮밥,맑은국,사천식탕수육,군만두,단무지
784,쌀밥,들깨시래기국,유자청돈육볶음,콩나물겨자채,양배추
785,쌀밥,된장찌개,쇠고기장조림,골뱅이무침,취나물무침
786,카레덮밥,미소장국,언양식불고기,떡볶이,방울토마토
787,쌀밥,두부김치국,해물누룽지탕,두부카프레제,무나물
788,쌀밥,미역국,돈육간장강정,황태양념구이,숙주나물
789,쌀밥,김치콩나물국,버섯불고기,계란찜,부추생채
790,쌀밥,소고기샤브국,오징어볶음,모듬묵샐러드,연근조림
791,쌀밥,해물된장찌개,안동찜닭,버섯볶음,치커리생채
792,쌀밥,순두부찌개,미니채소떡갈비,사각어묵무침,단배추나물
793,쌀밥,어묵국,훈제오리구이,두부조림,양파절임
794,콩나물밥,가쯔오장국,치킨핑거,메추리알조림,청경채생채
795,쌀밥,근대국,보쌈,상추쌈,무말랭이무침
796,쌀밥,참치김치찌개,소고기장조림,실곤약초무침,셀프무쌈말이
797,쌀밥,아욱국,제육볶음,해파리겨자채,호박나물
798,쌀밥,차돌된장찌개,해물청경채볶음,고기전,미역줄기볶음
799,비빔밥,가쯔오장국,치킨너겟,콘샐러드,연근땅콩조림
800,쌀밥,연두부탕,돼지갈비찜,계란말이,취나물
801,쌀밥,버섯매운탕,탕수어,온두부,치커리유자청무침
802,쌀밥,된장찌개,소고기숙주나물볶음,코다리조림,방풍나물
803,쌀밥,해물순두부찌개,수원왕갈비통닭,사각어묵볶음,참나물생채
804,쌀밥,꽃게탕,새송이떡갈비구이,도토리묵야채무침,연두부
805,쌀밥,소고기국,가자미튀김,돈육장조림,시금치고추장무침
806,비빔밥,콩나물국,부추전,계란찜,땅콩조림
807,쌀밥,북어국,돈육콩나물불고기,시금치프리타타,쫑상추무침
808,쌀밥,오징어국,안동찜닭,감자채전,오이소박이
809,쌀밥,배추된장국,수제돈가스,마파두부,돈나물유자청무침
810,쌀밥,육개장,고등어구이,야채비빔만두,파래김
811,비빔밥,맑은국,함박스테이크,동태전,마늘쫑무침
812,쌀밥,콩나물국,짬뽕불고기,메추리알조림,모듬쌈
813,쌀밥,아욱국,등갈비김치찜,두부계란부침,콩나물무침
814,곤드레밥,맑은국,코다리조림,계란말이,과일샐러드
815,쌀밥,고추장찌개,언양식불고기,버섯잡채,오이무침
816,쌀밥,매운어묵국,소불고기,골뱅이무침,숙주나물
817,쌀밥,부대찌개,오징어볶음,연두부,땅콩조림
818,고기덮밥,맑은국,사과고구마그라탕,맛살냉채,오복지무침
819,쌀밥,옹심이만두국,닭볶음탕,신김치도토리묵,치커리유자청생채
820,쌀밥,오이냉국,사천식탕수육,해물파전,양념깻잎지
821,쌀밥,열무된장국,돼지고기유자청볶음,잡채,취나물무침
822,쌀밥,북어해장국,매운돼지갈비찜,흑임자연근샐러드,무생채
823,짜장덮밥,맑은국,깐풍기,물만두,단무지
824,쌀밥,감자국,주꾸미볶음,시금치프리타타,아삭고추무침
825,쌀밥,청국장찌개,소고기장조림,김치전,사과오이초무침
826,쌀밥,어묵국,소불고기,옥수수계란찜,가지나물
827,쌀밥,참치김치찌개,돈육장조림,맛살전,해파리냉채
828,카레덮밥,가쯔오장국,고구마치즈구이,쫄면무침,무말랭이
829,쌀밥,소고기미역국,양념치킨,비엔나볶음,파래김
830,콩나물밥,팽이장국,치킨핑거,꽃맛살샐러드,얼갈이겉절이
831,쌀밥,순두부찌개,치즈함박스테이크,매운어묵볶음,청경채생채
832,쌀밥,사과오이냉국,쇠고기낙지볶음,우엉잡채,쫑상추무침
833,마파두부덮밥,맑은국,치킨너겟,파스타샐러드,찐옥수수
834,쌀밥,열무된장국,짬뽕불고기,감자채볶음,호박잎
835,쌀밥,김치두부국,훈제오리구이,동그랑땡전,쌈무
836,쌀밥,오징어국,버섯불고기,꽃맛살볶음,치커리유자청생채
837,쌀밥,시래기국,닭볶음탕,어묵꽈리볶음,도라지생채
838,비빔밥,가쯔오장국,깐풍육,시저샐러드,오복지무침
839,쌀밥,근대국,삼겹보쌈,해물김치전,무말랭이
840,<초복특식>,삼계탕,찹쌀밥,생야채&쌈장,수박
841,쌀밥,차돌박이찌개,돈육굴소스볶음,주꾸미야채무침,시금치나물
842,쌀밥,북어계란국,닭갈비,간장두부조림,셀프무쌈말이
843,비빔밥,미소장국,야채튀김,아삭고추무침,요플레
844,쌀밥,돈육김치찌개,미니채소떡갈비,모듬묵양념장,참나물생채
845,쌀밥,소고기무국,갈치구이,비엔나감자볶음,무생채
846,쌀밥,매운어묵국,소고기숙주볶음,치킨샐러드,양파짱아찌
847,쌀밥,시금치된장국,등갈비김치찜,파프리카잡채,콩나물무침
848,카레덮밥,가쯔오국,갈비통통만두,쫄면야채무침,호두견과류강정
849,쌀밥,매운소고기국,유린기,코다리조림,치커리사과무침
850,쌀밥,우묵냉국,고구마함박스테이크,김치전,오이맛살초무침
851,쌀밥,시금치국,유자청제육볶음,사과고구마그라탕,오이무침
852,쌀밥,사과오이냉국,장어강정,햄감자채볶음,콩나물무침
853,곤드레밥,맑은국,해물누룽지탕,메밀전병만두,오복지
854,쌀밥,아욱국,닭볶음탕,오징어브로컬리숙회,청경채생채
855,쌀밥,고추장찌개,미트볼케찹조림,계란말이,꽈리고추찜
856,쌀밥,콩나물국,닭갈비,실곤약흑임자무침,건새우마늘쫑볶음
857,쌀밥,도토리묵냉국,짬뽕불고기,계란찜,양배추
858,짜장덮밥,맑은국,고추잡채,군만두,단무지무침
859,쌀밥,아욱국,돼지갈비찜,어묵볶음,치커리유자청무침
860,쌀밥,차돌된장찌개,주꾸미볶음,옥수수전,양념깻잎지
861,쌀밥,된장찌개,소고기숙주볶음,모듬묵,고추잎나물
862,쌀밥,꽃게탕,언양식불고기,감자프리타타,깻잎찜
863,콩나물밥,올챙이만두국,유린기,모히토과일샐러드,쨔샤이무침
864,쌀밥,닭개장,쇠고기장조림,잡채,비름나물된장무침
865,쌀밥,시래기국,유자청제육볶음,해물겨자냉채,연두부
866,쌀밥,소고기미역국,닭강정,모듬소세지구이,얼갈이겉절이
867,비빔밥,미소장국,오징어튀김,아삭고추무침,요플레
868,쌀밥,닭곰탕,류산슬,오꼬노미야끼계란말이,오이도라지생채
869,쌀밥,돈육김치찌개,미니채소떡갈비,자반고등어구이,숙주나물
870,쌀밥,꽃게탕,함박스테이크,사과고구마그라탕,콩나물무침
871,쌀밥,고추장찌개,버섯불고기,동태전,레몬미역초무침
872,카레덮밥,맑은국,치킨핑거,쫄면야채무침,오복지
873,쌀밥,배추된장국,훈제오리구이,매운어묵볶음,쌈무
874,쌀밥,부대찌개,굴비구이,비엔나컬리플라워볶음,김구이
875,쌀밥,들깨시락국,돈육김치볶음,궁중떡볶음,쫑상추무침
876,쌀밥,차돌박이찌개,소고기장조림,갈치무조림,참나물생채
877,영양밥,유부장국,새송이너비아니구이,양장피,오이무침
878,쌀밥,토란국,매운돼지갈비찜,호박부추전,도토리묵야채무침
879,쌀밥,된장찌개,수제돈까스,통도라지구이,미역무침
880,쌀밥,김치콩나물국,짬뽕불고기,버섯잡채,모듬쌈
881,쌀밥,맑은순두부국,사천식탕수육,감자프리타타,청경채겉절이
882,비빔밥,팽이장국,생선까스,갈비만두,송편
883,쌀밥,황태국,훈제오리고추장볶음,연두부,쌈무
884,쌀밥,꽃게된장찌개,돈육굴소스볶음,날치알계란찜,꽃상추겉절이
885,쌀밥,소고기미역국,탄두리치킨,오징어숙회무침,파스타샐러드
886,쌀밥,쇠고기샤브국,주꾸미볶음,카레감자채볶음,호박나물
887,쌀밥,열무된장국,대패삼겹,사각어묵무침,비름나물
888,쌀밥,근대국,유자청제육볶음,동그랑땡전,얼갈이겉절이
889,쌀밥,얼갈이된장국,버섯불고기,골뱅이무침,미역줄기볶음
890,곤드레밥,맑은국,돈육강정,사과고구마그라탕,오복지무침
891,쌀밥,콩나물김치국,해물누룽지탕,두부스테이크,마늘쫑무침
892,쌀밥,어묵국,언양식불고기,계란말이,청경채생채
893,쌀밥,콩가루배추국,짬뽕불고기,메추리알조림,얼갈이겉절이
894,쌀밥,돈육김치찌개,닭갈비,우엉잡채,부추겉절이
895,쌀밥,해물된장찌개,소불고기,두부양념조림,미역레몬초무침
896,쌀밥,콩비지찌개,돈육굴소스볶음,해파리겨자채,마늘쫑건새우볶음
897,쌀밥,동태탕,마늘간장치킨,새송이버섯전,치커리사과무침
898,쌀밥,옹심이만두국,굴비구이,미트볼조림,청경채무침
899,쌀밥,아욱국,매운돼지갈비찜,파스타샐러드,건파래무침
900,쌀밥,북어해장국,제육볶음,감자채볶음,야채스틱
901,쌀밥,콩나물국,닭갈비,어묵볶음,부추생채
902,콩나물밥,가쯔오국,돈육강정,모히토과일샐러드,쨔샤이무침
903,쌀밥,알탕,해물굴소스볶음,쇠고기두부찜,치커리유자청무침
904,쌀밥,우거지된장국,쇠고기장조림,옥수수전,마늘쫑무침
905,쌀밥,고추장찌개,훈제오리단호박볶음,골뱅이무침,양파절임
906,쌀밥,얼큰순두부찌개,짬뽕불고기,잡채,도토리묵무침
907,카레덮밥,우동국,유린기,메밀전병만두,단무지
908,쌀밥,건새우아욱국,등갈비김치말이,계란말이,숙주나물무침
909,비빔밥,팽이장국,생선까스,갈비만두,식혜
910,쌀밥,소고기미역국,유자청제육볶음,메추리알조림,모듬쌈
911,쌀밥,된장찌개,오징어볶음,두부새싹구이,파래김
912,마파두부덮밥,맑은국,치킨핑거,시저샐러드,무비트생채
913,쌀밥,매운콩나물국,동파삼겹수육,늙은호박전,쫑상추무침
914,쌀밥,옥수수스프,딸기드레싱샐러드,감자범벅,수제피클
915,쌀밥,근대국,소고기낙지볶음,계란찜,청경채사과생채
916,쌀밥,고추장찌개,순살파닭,감자채볶음,콩나물무침
917,고기덮밥,가쯔오장국,시금치프리타타,동태전,오이무침
918,쌀밥,오징어국,미니채소떡갈비,멸치호두볶음,물파래무침
919,볶음밥,미역장국,사천식탕수육,멕시칸샐러드,단무지
920,쌀밥,돈육김치찌개,언양식불고기,잡채,진미채무침
921,쌀밥,차돌된장찌개,주꾸미볶음,옥수수전,양념깻잎지
922,곤드레밥,맑은국,돈육강정,사과고구마그라탕,오복지무침
923,쌀밥,콩나물국,해물누룽지탕,모듬소시지구이,미역레몬초무침
924,볶음밥,나가사끼짬뽕국,치킨텐더샐러드,또띠아칩,피클
925,쌀밥,김치콩나물국,소고기장조림,시금치프리타타,오이무침
926,쌀밥,육개장,탕수어,온두부,참나물
927,콩나물밥,미소장국,닭강정,청포묵무침,오이도라지무침
928,쌀밥,된장찌개,류산슬,비빔야채만두,실곤약흑임자무침
929,카레덮밥,맑은국,생선까스,쫄면야채무침,아몬드멸치볶음
930,쌀밥,고추장찌개,버섯불고기,계란말이,아삭고추무침
931,쌀밥,김치두부국,누룽지탕수육,마파두부,파래김
932,비빔밥,맑은국,감자치즈구이,군만두,치커리유자청생채
933,쌀밥,아욱국,닭볶음탕,해물파전,청경채생채
934,오므라이스,미소장국,모듬튀김,콘샐러드,군고구마
935,쌀밥,열무된장국,훈제오리구이,우엉잡채,양파절임
936,쌀밥,홍합탕,마늘간장치킨,부추전,마늘쫑무침
937,볶음밥,팽이장국,해물까스,콥샐러드,비트무생채
938,쌀밥,쇠고기샤브국,닭갈비,동태전,가지나물
939,쌀밥,근대국,수제돈가스,계란찜,양념깻잎지
940,쌀밥,들깨시래기국,유자청돈육볶음,콩나물겨자채,시금치나물
941,쌀밥,매운소고기국,유린기,코다리조림,치커리사과무침
942,영양밥,유부장국,새송이너비아니구이,양장피,오이무침
943,쌀밥,굴미역국,매운돼지갈비찜,호박부추전,도토리묵야채무침
944,쌀밥,참치김치찌개,안동찜닭,고추잡채,가지무침
945,쌀밥,열무된장국,훈제오리볶음,떡잡채,양파절임
946,쌀밥,무채국,소고기숙주볶음,메추리알곤약조림,유채겉절이
947,콩나물밥,미소장국,언양식불고기,샐러드파스타,가래떡츄러스
948,쌀밥,된장찌개,대패삼겹,해물콩나물찜,연두부
949,쌀밥,감자양파국,매운닭찜,두부커틀릿,간장깻잎지
950,쌀밥,아욱국,돈육김치볶음,비엔나감자조림,모듬쌈
951,쌀밥,오징어국,치킨핑거,애호박전,콩나물무침
952,쌀밥,된장찌개,짬뽕불고기,녹두전,물미역
953,볶음밥,가쯔오장국,사천식탕수육,콘치즈오븐구이,단무지무침
954,쌀밥,고추장찌개,버섯불고기,두부양념조림,오이무침
955,쌀밥,배추된장국,닭볶음탕,부추깻잎전,양배추
956,쌀밥,떡국,제육볶음,시금치프리타타,유채나물
957,비빔밥,미소장국,탕수어,과일샐러드,마늘쫑무침
958,쌀밥,된장찌개,돈육김치볶음,사각어묵볶음,쫑상추무침
959,쌀밥,미역국,순살파닭,감자채전,오이도라지무침
960,곤드레밥,맑은국,돈육강정,사과고구마그라탕,오복지무침
961,쌀밥,육개장,가자미튀김,언양식불고기,치커리무침
962,참치회덮밥,미소장국,또띠아피자,과일샐러드,락교
963,쌀밥,근대국,훈제오리구이,마늘쫑볶음,명이절임
964,쌀밥,시래기국,함박스테이크,두부구이,오이무침
965,영양밥,연두부탕,오징어숙회무침,고기전,콩나물무침
966,쌀밥,해물된장찌개,묵은지닭찜,깐풍두부,아삭고추무침
967,볶음밥,크림스프,토마토스파게티,콥샐러드,수제피클
968,쌀밥,순두부찌개,닭갈비,고등어구이,치커리사과유자청무침
969,쌀밥,어묵국,등갈비김치찜,콩나물냉채,땅콩조림
970,비빔밥,미역장국,허니버터치킨,모듬묵흑임자샐러드,오이무침
971,쌀밥,아욱국,돼지갈비찜,동태전,시금치초무침
972,쌀밥,황태국,오리고추장볶음,어묵꽈리고추조림,미역오이초무침
973,콩나물밥,가쯔오장국,치킨핑거,꽃맛살샐러드,청경채생채
974,쌀밥,들깨시래기국,닭오븐구이,달래두부무침,시금치나물
975,고기덮밥,계란국,오징어튀김,시저샐러드,열무나물
976,쌀밥,미역국,쇠고기낙지볶음,계란찜,세발나물생채
977,쌀밥,차돌박이찌개,돈육강정,모듬버섯볶음,도라지초무침
978,영양밥,유부장국,언양식불고기,주꾸미초무침,파래김
979,쌀밥,어묵탕,동파삼겹수육,감자채볶음,오이무침
980,쌀밥,두부김치국,굴비구이,미트볼조림,보름나물
981,쌀밥,매운콩나물국,소고기숙주볶음,골뱅이무침,유채나물
982,쌀밥,냉이된장찌개,레몬탕수육,실곤약흑임자무침,양념깻잎지
983,곤드레밥,팽이장국,닭데리야끼조림,비빔야채만두,바나나
984,쌀밥,동태찌개,돈육간장볶음,사각어묵볶음,쫑상추무침
985,볶음밥,미니짬뽕,크림새우,하와이안샐러드,또띠아칩
986,쌀밥,쇠고기샤브국,유자청제육볶음,우엉잡채,미역오이초무침
987,쌀밥,차돌된장찌개,주꾸미볶음,고기전,봄동겉절이
988,비빔밥,미소장국,사과고구마그라탕,메밀전병만두,도라지오이생채
989,쌀밥,근대국,간장마늘치킨,오징어초무침,호박채나물
990,쌀밥,들깨미역국,짬뽕불고기,새송이버섯전,치커리만다린무침
991,쌀밥,된장찌개,돈육김치볶음,계란찜,실곤약초무침
992,쌀밥,부대찌개,훈제오리구이,늙은호박전,양파절임
993,비빔밥,팽이장국,치킨텐더,과일샐러드,마늘쫑무침
994,쌀밥,북어국,닭갈비,두부계란부침,콩나물무침
995,쌀밥,아욱국,소고기장조림,황태양념구이,세발나물생채
996,쌀밥,두부김치국,소고기버섯볶음,모듬묵,치커리유자청무침
997,쌀밥,쇠고기무국,오징어볶음,꽃맛살볶음,양념깻잎지
998,콩나물밥,고추장찌개,갈치구이,떡잡채,오이무침
999,쌀밥,미역국,수원왕갈비통닭,김치전,치킨무
1000,곤드레밥,건새우아욱국,돈육간장볶음,쫄면야채무침,브로컬리
1001,쌀밥,콩나물국,소불고기,옥수수계란찜,오이도라지생채
1002,쌀밥,대파육개장,가자미엿장조림,꼬들단무지무침,청경채겉절이
1003,카레덮밥,미소시루,감자만두,애기새송이버섯볶음,골뱅이야채무침
1004,쌀밥,순두부찌개,해물돼지갈비찜,가지완자튀김,꼬들빼기김치
1005,쌀밥,설렁탕,동태포전,"야채스틱,고추",부추겉절이
1006,쌀밥,어묵국,돈육굴소스볶음,오징어숙회무침,아삭고추쌈장무침
1007,쌀밥,대구탕,차돌박이숙주볶음,"브로컬리,다시마",시금치나물
1008,마파두부덮밥,조갯살무국,레몬유린기,콩나물냉채,고춧잎볶음
1009,쌀밥,콩비지찌개,짜장닭볶음,햄계란말이,고추장고구마순무침
1010,쌀밥,갈비탕,칠리새우,감자채볶음,풋마늘대무침
1011,쌀밥,시래기국,오리양념불고기,봄동전,미역초무침
1012,쌀밥,소고기미역국,해물누룽지탕,김치고기전,치커리사과무침
1013,쌀밥,유부주머니국,목살스테이크,파스타샐러드,오이무침
1014,쌀밥,배추된장국,제육볶음,계란찜,모듬쌈
1015,비빔밥,맑은국,치킨너겟,시저샐러드,마늘쫑무침
1016,쌀밥,우렁된장찌개,주꾸미볶음,오꼬노미계란말이,연두부
1017,쌀밥,고추장찌개,안동찜닭,모듬버섯볶음,참나물생채무침
1018,쌀밥,들깨시래기국,삼겹살수육&풋고추,오복지무침,배추깻잎
1019,쌀밥,경상도식소고기국,등갈비김치찜,감자채볶음,치커리오이무침
1020,쌀밥,순대국밥,고추튀김,오이&당근,부추무침
1021,쌀밥,미역국,오리불고기,백김치,간장깻잎지
1022,쌀밥,꽃게된장국,후르츠탕수육,두부양념조림,유채나물무침
1023,비빔밥,계란국,닭강정,셀프무쌈말이,짜요짜요
1024,쌀밥,두부김치국,소고기브로컬리볶음,시금치부침개,영양부추생채
1025,카레덮밥,미니우동,고구마고로케,오렌지자몽샐러드,실곤약무침
1026,쌀밥,아욱국,치즈닭갈비,참치야채샐러드,숙주나물
1027,쌀밥,홍초콩나물국,LA갈비구이,주꾸미세비체샐러드,새우튀김
1028,쌀밥,전복장각삼계탕,육전,해물잡채,얼갈이겉절이
1029,쌀밥,소고기당면국,바질페스토스파게티,연어스테이크,머위된장무침
1030,쌀밥,황태국,우엉불고기,야채계란말이,카프레제샐러드
1031,쌀밥,멸치국수,오향장육,꼬막미나리초무침,베리베리샐러드
1032,쌀밥,나주곰탕,춘천닭갈비,황태포무침,단호박견과류구이
1033,쌀밥,새우완자탕,고구마치즈돈까스,해물볶음우동,연어훈제샐러드
1034,쌀밥,대구지리탕,카레닭볶음,모듬소세지버섯구이,그린샐러드
1035,쌀밥,육개장,수원왕갈비,브로콜리새송이메추리알조림,양파호박채나물
1036,비빔밥,제첩두부국,깻잎전,황태채마늘쫑무침,배추겉절이
1037,볶음밥,쌀국수,장어구이,춘권튀김,오이무초무침
1038,쌀밥,버섯들깨국,삼겹살더덕고추장구이,"곰취,명이나물-장아찌",콩나물부추무침
1039,쌀밥,왕갈비탕,해물전,쫄면야채무침,꼬시래기무초무침
1040,쌀밥,냉메밀소바,히레카츠,견과류연근조림,양배추
1041,쌀밥,아욱수제비국,해물섞어찜,크레미계란말이,통오이고추무침
1042,쌀밥,돈육김치찌개,냉족발야채무침,두부참치조림,새송이
1043,쌀밥,열무물국수,소갈비찜,"오징어링,새우튀김",호박숙
1044,쌀밥,닭개장,떡갈비,골뱅이야채무침,감자채볶음
1045,콩나물밥,들깨미역국,바싹불고기,야채스틱,고추장누들떡볶이
1046,쌀밥,유부주머니된장국,생선까스,블랙페퍼쉬림프,꽈리고추찹쌀무침
1047,쌀밥,연두부탕,제육볶음,시금치프리타타,모듬쌈
1048,쌀밥,들깨수제비,닭볶음탕,도토리묵무침,명엽채볶음
1049,카레덮밥,미역미소시루,후르츠탕수육,비빔메밀면,견과류멸치볶음
1050,쌀밥,차돌된장찌개,주꾸미볶음,두부스테이크,청경채만다린생채
1051,고기덮밥,맑은국,야채비빔만두,어묵볶음,땅콩조림
1052,쌀밥,매콤콩나물국,짬뽕불고기,연두부,쫑상추무침
1053,쌀밥,시래기국,고추잡채,동그랑땡구이,청경채겉절이
1054,곤드레밥,무채국,꽁치한마리구이,만두탕수육,쨔샤이무침
1055,쌀밥,콩비지찌개,오징어볶음,옥수수계란찜,간장깻잎지
1056,마파두부덮밥,유부장국,레몬유린기,두릅소고기샐러드,오이지무침
1057,쌀밥,소고기미역국,닭갈비,콩나물잡채,셀프무쌈말이
1058,쌀밥,된장찌개,돈육고추장볶음,사각어묵무침,모듬야채쌈
1059,비빔밥,가쯔오장국,깐풍육,시저샐러드,매실짱아찌
1060,쌀밥,육개장,소고기장조림,녹두전,비름나물
1061,볶음밥,냉모밀국수,해물부추전,야채고로케,수박
1062,쌀밥,대구탕,오삼불고기,해물동그랑땡,오이무침
1063,쌀밥,시금치된장국,닭볶음탕,두부구이,미역줄기볶음
1064,비빔밥,오이사과냉국,치킨핑거,맛살떡샐러드,깻잎순무침
1065,쌀밥,매운소고기국,굴비구이,토마토프리타타,도라지오이무침
1066,고기덮밥,팽이무국,양파링카레튀김,모듬어묵볶음,참나물생채
1067,쌀밥,냉모밀국수,매운돈갈비찜,메밀전병,고구마순볶음
1068,쌀밥,대파육개장,홍어미나리초무침,어묵잡채,콩자반
1069,카레덮밥,동태알탕,부추고추전,쫄면야채무침,과일요거트샐러드
1070,쌀밥,매운소고기무국,춘천닭갈비,옥수수계란찜,감자채파프리카볶음
1071,쌀밥,물만두국,오리불고기,콩나물맛살냉채,양배추
1072,쌀밥,한방설렁탕,오징어초무침,채소스틱&쌈장,통들깨부추무침
1073,쌀밥,시금치된장국,닭볶음탕,건새우호박채전,도라지오이초무침
1074,쌀밥,맑은콩나물국,돈육고추장볶음,쌈채소&쌈장,무채와사비무침
1075,마파두부덮밥,미역미소시루,레몬유린기,만두찜,숙주미나리무침
1076,쌀밥,건새우무채국,쭈꾸미삼겹고추장볶음,두부커틀렛,쫑상추무침
1077,비빔밥,콩가루배춧국,열기어구이,도토리묵,무말랭이무침
1078,쌀밥,장각삼계탕,해물잡채,가지찜,아삭고추쌈장무침
1079,쌀밥,김치우동,수제돈가스,호박새우젓볶음,깍둑오이초무침
1080,쌀밥,호박맑은국,돈육김치볶음,두부맛전,모둠채소무침
1081,쌀밥,닭개장,양장피,꽃맛살샐러드,브로콜리숙회
1082,쌀밥,아욱국,오리불고기,고등어카레구이,매운콩나물무침
1083,쌀밥,소고기미역국,깻잎통닭,김치전,치킨무
1084,쌀밥,해물수제비국,만가닥버섯불고기,실곤약냉채,열무나물
1085,쌀밥,황태미역국,안동찜닭,토마토스크램블,얼갈이나물
1086,쌀밥,호박된장찌개,목살스테이크,가자미엿장구이,꽈리고추감자조림
1087,쌀밥,우거지국,삼겹살수육,모둠쌈,풋고추
1088,비빔밥,팽이장국,후라이드,미나리초무침,브로콜리깨소스무침
1089,쌀밥,짜글이돼지찌개,새우까스,어묵고추장떡,마늘종숙회
1090,쌀밥,김치두부국,오리대패불고기,골뱅이채소무침,열무나물
1091,쌀밥,냉이된장국,돈갈비찜,오징어튀김,삼색콜리
1092,쌀밥,맑은콩나물국,장어강정,꽈리고추메추리알조림,오이양파무침
1093,쌀밥,건새우아욱국,쭈삼불고기,분홍소시지전,파프리카해초무침
1094,쌀밥,얼갈이된장국,닭다리바베큐오븐구이,아귀순살찜,유부채소겨자냉채
1095,쌀밥,뼈없는감자탕,생선까스&소스,해파리무침,근대나물
1096,쌀밥,떡국,매운쇠고기버섯볶음,양배추,더덕무침
1097,쌀밥,북어채국,오징어볶음&소면사리,타꼬야끼,청경채깨장나물
1098,쌀밥,유부장국,바베큐폭립,부들어묵볶음,참나물두부무침
1099,쌀밥,동태탕,살살치킨&칠리소스,브로콜리버섯볶음,부추와사비무침
1100,쌀밥,부대찌개,치즈닭갈비,단호박,상추무침
1101,쌀밥,맑은버섯육개장,매콤해물볶음,채소계란말이,고구마순무침
1102,쌀밥,순남시래기국,오리불고기,갈릭버섯탕수,검은깨올방개묵무침
1103,쌀밥,어묵국,오향장육,모둠쌈,고추지무침
1104,쌀밥,바지락미역국,콩나물두루치기,버섯메추리알장조림,더덕오이생채
1105,쌀밥,시금치된장국,카레닭찜,김치빈대떡,고구마순볶음
1106,쌀밥,나주곰탕,적어구이&양념장,한식잡채,얼갈이나물
1107,쌀밥,다슬기아욱국,돈사태김치찜,닭살겨자냉채,삼색유자청무침
1108,쌀밥,순두부찌개,소불고기,코다리강정,노각생채
1109,쌀밥,황태콩나물해장국,궁보계정,시금치프리타타,가지고추장무침
1110,쌀밥,우거지국,매콤돼지갈비찜,삼색만두채소무침,호박채나물볶음
1111,쌀밥,오리들깨탕,냉족발야채무침,수제오미산적,부추샐러드
1112,쌀밥,매운계란파국,마파두부,치킨핑거,쫄면채소무침
1113,쌀밥,옹심이만두국,대패삽겹숙주볶음,오징어초무침,양배추
1114,쌀밥,아욱된장국,생선까스,마카로니치즈범벅,오이사과무침
1115,볶음밥,짬뽕국,짜장소스,군만두,취나물쌈장무침
1116,쌀밥,홍합살미역국,수육,매콤볼어묵볶음,와사비무쌈
1117,쌀밥,돈육김치찌개,수완왕갈비맛통닭,콩나물볶음,미나리초장무침
1118,쌀밥,잔치국수,수제어묵소세지핫도그,순대채소볶음,참나물두부무침
1119,쌀밥,배추국,오리고추장불고기,모둠쌈,미트볼채소볶음
1120,쌀밥,순두부찌개,류산슬,가자미엿장구이,오이양파무침
1121,쌀밥,유부장국,목살찹스테이크,빠네파스타,할라피뇨채소피클
1122,쌀밥,감자수제비국,쇠고기낙지볶음,채소탕수,건새우호박볶음
1123,쌀밥,버섯국,고추마요치킨,비엔나떡조림,통도라지고추장구이
1124,쌀밥,옹심이만둣국,춘천닭갈비,주꾸미브로콜리숙회,청경채겉절이
1125,쌀밥,매운콩나물국,돈갈비찜,김말이강정,참나물무침
1126,쌀밥,갈비탕,오향장육,한식잡채,부추고추장무침
1127,쌀밥,북엇국,콩나물파채불고기,해물파전,실곤약야채무침
1128,쌀밥,동태탕,닭다리살스테이크,고구마순볶음,감자조림
1129,쌀밥,떡만두국,오리대패불고기,꽁치캔김치조림,파프리카해초무침
1130,쌀밥,건새우미역국,매운소불고기,춘권튀김,쫄면채소무침
1131,카레덮밥,통계란꼬치어묵탕,두부강정,고추장누들떡볶이,치커리무침
1132,쌀밥,꽃게탕,바베큐장각오븐구이,버섯초무침,파프리카감자채볶음
1133,쌀밥,우거지된장국,하와이언치즈함박스테이크,닭살겨자냉채,부추무침
1134,쌀밥,김칫국,훈제오리볶음,오이볶음,시금치고추장나물
1135,쌀밥,순남시래기국,장어고추장양념구이,알배기,청양부추전
1136,쌀밥,두부된장찌개,해물보쌈&채소숙회,츄러스채소맛탕,도라지나물볶음
1137,쌀밥,홍합살무국,돈갈비양념구이,두반장가지볶음,청경채무침
1138,쌀밥,매운쇠고기국,갈릭순살치킨,임연수무조림,브로콜리쌈장무침
1139,쌀밥,얼갈이된장국,쭈꾸미삼겹살볶음,단호박어묵탕수,쌈추
1140,쌀밥,유부김칫국,치킨까스&소스,아귀콩나물찜,연근유자피클
1141,쌀밥,미역미소시루국,연어스테이크,차돌비빔국수,토마토계란볶음
1142,쌀밥,된장찌개,돼지고추장불고기,버섯잡채,삼색물만두무침
1143,쌀밥,북엇국,춘천닭갈비,건새우호박채전,오이생채
1144,쌀밥,맑은콩나물국,묵은지닭볶음탕,생선까스&타르타르소스,브로콜리숙회
1145,쌀밥,쇠고기미역국,오삼불고기,계란말이,유부채소겨자무침
1146,쌀밥,삼계탕,고기완자전,방풍나물,채소스틱&쌈장
1147,쌀밥,고구마순등뼈탕,깐풍기,감자채볶음,도토리묵
1148,쌀밥,건새우아욱국,쇠고기숙주볶음,적어양념장구이,통들깨부추무침
1149,쌀밥,돼지김치찌개,짜파치킨,당면채소무침,얼갈이나물
1150,쌀밥,동태매운탕,대패삼겹살볶음,어묵고추장볶음,상추
1151,비빔밥,바지락냉이국,찰떡떡갈비조림,모둠버섯볶음,수제참나물장아찌
1152,쌀밥,홍합국,쇠고기낙지볶음,과일그라탕,물미역
1153,쌀밥,근대된장국,수제탕수육,매콤해물볶음,치커리오이무침
1154,쌀밥,아욱된장국,매운족발볶음,해물까스,돌나물유자청무침
1155,쌀밥,미역국,동파육,청경채,도라지볶음
1156,쌀밥,한방설렁탕,골뱅이채소무침,개성식메밀부침개,참나물무침
1157,쌀밥,북엇국,해물돼지갈비찜,타꼬야끼,숙주미나리무침
1158,쌀밥,시금치된장국,안동찜닭,수제두부까스&하이소스,톳무침
1159,쌀밥,호박된장찌개,오리주물럭,메추리알탕수,부추양파무침
1160,쌀밥,미소장국,알리오올리오파스타,두부고기양념찜,해파리냉채
1161,쌀밥,순두부찌개,요거닭,비엔나채소볶음,오이쑥갓생채
1162,쌀밥,얼갈이된장국,쇠고기당면볶음,가자미유린기,물미역
1163,쌀밥,황태채국,제육고추장불고기,쌈추,콩나물파채무침
1164,쌀밥,어묵매운탕,버터치킨카레소스,등심돈까스,솎음열무나물
1165,쌀밥,불낙찌개,코다리강정,참치두부전,시금치나물
1166,쌀밥,콩비지김치찌개,해물누룽지탕,탕평채,고추장감자조림
1167,쌀밥,조갯살아욱국,돼지간장불고기,깐풍연근,취나물무침
1168,쌀밥,팽이된장국,오징어볶음,고기완자전,이연복의
1169,쌀밥,굴미역국,닭간장조림,스팸계란전,쑥갓나물
1170,쌀밥,김치두부국,LA갈비구이,한식잡채,삼색유자청무침
1171,비빔밥,팽이장국,메밀전병,채소프리타타,산고추지무침
1172,쌀밥,된장찌개,오향장육,더덕구이,양배추
1173,쌀밥,육개장,교촌윙,갈치감자조림,톳두부무침
1174,쌀밥,유부주머니국,삼겹살김치볶음,두부구이,어묵간장조림
1175,쌀밥,우거지국,훈제오리마늘볶음,아귀콩나물찜,봄동나물
1176,쌀밥,호박고추장찌개,만가닥버섯불고기,치즈계란찜,크래미해초무침
1177,쌀밥,북엇국,제육고추장불고기,고등어카레구이,알배기
1178,쌀밥,근대국,닭다리살스테이크,단호박채소전,진미채오이무침
1179,쌀밥,누룽지장각백숙,캔꽁치튀김,쫄면채소무침,풋고추양파쌈장무침
1180,쌀밥,굴떡국,콩나물파채불고기,쌈배추,건취나물볶음
1181,쌀밥,돈갈비김치찌개,해물완자전,가자미무조림,시금치나물
1182,쌀밥,인도커리&난,탄두리치킨,문어꽈리고추조림,세발나물무침
1183,쌀밥,동태알탕,수제돈까스&소스,청양고추계란말이,달래무침
1184,쌀밥,바지락살무국,오삼불고기,소고기잡채,유채나물무침
1185,쌀밥,매운쇠고기샤브샤브,하와이언함박스테이크,토마토두부카프레제,냉이나물무침
1186,쌀밥,건새우아욱국,국물쪼리닭,파프리카계란전,마파무조림
1187,영양밥,호박된장국,오리대패불고기,고등어김치말이찜,파래김
1188,쌀밥,소고기떡국,봉추찜닭,오미산적,콩나물잡채
1189,쌀밥,유부된장국,돈육도라지고추장볶음,과일그라탕,봄동숙
1190,쌀밥,오리들깨탕,꽁치한마리레몬구이,파프리카계란말이,아삭이고추된장무침
1191,쌀밥,아욱된장국,목살스테이크,참치채소볶음,무쌈채소말이
1192,쌀밥,콩나물맑은국,매운소고기낙지볶음,메추리알짜장떡볶이,양배추
1193,쌀밥,미역국,오리대패불고기,옥수수계란찜,쪽파무침
1194,쌀밥,된장찌개,허니순살치킨,콩나물볶음,쑥갓나물
1195,쌀밥,시금치된장국,돈육두루치기,타코야끼,상추쌈
1196,쌀밥,콩나물김칫국,소갈비찜,두부까스,매운호박볶음
1197,쌀밥,뼈없는감자탕,고등어구이,채소스틱,솎음열무나물
1198,쌀밥,어묵국,춘천닭갈비,감자채카레볶음,청경채나물
1199,쌀밥,맑은콩나물국,삼겹살김치찜,떡잡채,치커리오이무침
1200,쌀밥,아욱국,수제함박스테이크,견과류마카로니범벅,생깻잎지
1201,쌀밥,냉이된장국,동파육,봄동전,청경채
1202,비빔밥,계란파국,요거닭,올방개묵무침,파프리카해초무침
1203,쌀밥,전주식콩나물해장국,돈육간장불고기,깐풍연근,연두부
1204,쌀밥,들깨미역국,교촌간장치킨,옥수수콘치즈구이,가지고추장무침
